[Licensing::Module] Trying to connect to existing licensing client channel...
[Licensing::IpcConnector] Successfully connected to: "LicenseClient-hlula" at "2026-07-12T18:54:13.3181641Z"
[Licensing::Client] Code 10 while verifying Licensing Client signature (process Id: 17200, path: "C:/Program Files/Unity Hub/UnityLicensingClient_V1/Unity.Licensing.Client.exe")
[Licensing::Module] LicensingClient has failed validation; ignoring
[Licensing::Client] Handshaking with LicensingClient:
  Version:                 1.16.2+bdef8f5
  Session Id:              955d910a60554a129f3917856e386bef
  Correlation Id:          e25838ef45406d384b0ec1ef56d077af
  External correlation Id: 756745767572886047
  Machine Id:              piHghzq9kHO5RFwH0l7K2kyxIWw=
[Licensing::Module] Successfully connected to LicensingClient on channel: "LicenseClient-hlula" (connect: 0.00s, validation: 0.02s, handshake: 0.22s)
[Licensing::IpcConnector] Successfully connected to: "LicenseClient-hlula-notifications" at "2026-07-12T18:54:13.5556288Z"
[Licensing::Module] Error: Access token is unavailable; failed to update
[Licensing::Client] Successfully updated license
Built from '2022.3/respin/2022.3.62f2-4af31df585-v2' branch; Version is '2022.3.62f3 (96770f904ca7) revision 9860879'; Using compiler version '192829333'; Build Type 'Release'
OS: 'Windows 11  (10.0.26200) 64bit CoreSingleLanguage' Language: 'en' Physical Memory: 12996 MB
[Licensing::Client] Successfully resolved entitlement details
[Licensing::Module] Serial number assigned to: "F4-UAW6-NCEM-YFTP-3WHD-XXXX"
[Licensing::Module] Serial number assigned to: "11270023213162-UnityPersXXXX"
BatchMode: 1, IsHumanControllingUs: 0, StartBugReporterOnCrash: 0, Is64bit: 1, IsPro: 0
[Licensing::Client] Successfully resolved entitlement details
[Licensing::Module] Serial number assigned to: "F4-UAW6-NCEM-YFTP-3WHD-XXXX"
[Licensing::Module] Serial number assigned to: "11270023213162-UnityPersXXXX"

COMMAND LINE ARGUMENTS:
C:\Program Files\Unity\Hub\Editor\2022.3.62f3\Editor\Unity.exe
-batchmode
-quit
-projectPath
C:\Users\hlula\AppData\Local\Temp\UnityTemplate
-executeMethod
ParrotCode.Platforms.ProjectBuilder.BuildPlayer
-logFile
C:/Users/hlula/Documents/Work/Repos/2026/ParrotCode/UnityTemplate/Assets\Build\Build.log
Successfully changed project path to: C:\Users\hlula\AppData\Local\Temp\UnityTemplate
C:/Users/hlula/AppData/Local/Temp/UnityTemplate
[UnityMemory] Configuration Parameters - Can be set up in boot.config
    "memorysetup-bucket-allocator-granularity=16"
    "memorysetup-bucket-allocator-bucket-count=8"
    "memorysetup-bucket-allocator-block-size=33554432"
    "memorysetup-bucket-allocator-block-count=8"
    "memorysetup-main-allocator-block-size=16777216"
    "memorysetup-thread-allocator-block-size=16777216"
    "memorysetup-gfx-main-allocator-block-size=16777216"
    "memorysetup-gfx-thread-allocator-block-size=16777216"
    "memorysetup-cache-allocator-block-size=4194304"
    "memorysetup-typetree-allocator-block-size=2097152"
    "memorysetup-profiler-bucket-allocator-granularity=16"
    "memorysetup-profiler-bucket-allocator-bucket-count=8"
    "memorysetup-profiler-bucket-allocator-block-size=33554432"
    "memorysetup-profiler-bucket-allocator-block-count=8"
    "memorysetup-profiler-allocator-block-size=16777216"
    "memorysetup-profiler-editor-allocator-block-size=1048576"
    "memorysetup-temp-allocator-size-main=16777216"
    "memorysetup-job-temp-allocator-block-size=2097152"
    "memorysetup-job-temp-allocator-block-size-background=1048576"
    "memorysetup-job-temp-allocator-reduction-small-platforms=262144"
    "memorysetup-allocator-temp-initial-block-size-main=262144"
    "memorysetup-allocator-temp-initial-block-size-worker=262144"
    "memorysetup-temp-allocator-size-background-worker=32768"
    "memorysetup-temp-allocator-size-job-worker=262144"
    "memorysetup-temp-allocator-size-preload-manager=33554432"
    "memorysetup-temp-allocator-size-nav-mesh-worker=65536"
    "memorysetup-temp-allocator-size-audio-worker=65536"
    "memorysetup-temp-allocator-size-cloud-worker=32768"
    "memorysetup-temp-allocator-size-gi-baking-worker=262144"
    "memorysetup-temp-allocator-size-gfx=262144"
Player connection [11236]  Target information:

Player connection [11236]  * "[IP] 192.168.1.17 [Port] 55505 [Flags] 2 [Guid] 1380494676 [EditorId] 1380494676 [Version] 1048832 [Id] WindowsEditor(7,Legion_Go) [Debug] 1 [PackageName] WindowsEditor [ProjectName] Editor" 

Player connection [11236] Host joined multi-casting on [225.0.0.222:54997]...
Player connection [11236] Host joined alternative multi-casting on [225.0.0.222:34997]...
Input System module state changed to: Initialized.
[PhysX] Initialized MultithreadedTaskDispatcher with 16 workers.
[Package Manager] UpmClient::Connect -- Connected to IPC stream "Upm-29248" after 0.7 seconds.
[Package Manager] Restoring resolved packages state from cache
[Licensing::Client] Successfully resolved entitlement details
[Package Manager] Registered 58 packages:
  Packages from [https://packages.unity.com]:
    com.unity.ads@4.4.2 (location: C:\Users\hlula\AppData\Local\Temp\UnityTemplate\Library\PackageCache\com.unity.ads@4.4.2)
    com.unity.ai.navigation@1.1.5 (location: C:\Users\hlula\AppData\Local\Temp\UnityTemplate\Library\PackageCache\com.unity.ai.navigation@1.1.5)
    com.unity.analytics@3.8.1 (location: C:\Users\hlula\AppData\Local\Temp\UnityTemplate\Library\PackageCache\com.unity.analytics@3.8.1)
    com.unity.collab-proxy@2.2.0 (location: C:\Users\hlula\AppData\Local\Temp\UnityTemplate\Library\PackageCache\com.unity.collab-proxy@2.2.0)
    com.unity.ide.rider@3.0.26 (location: C:\Users\hlula\AppData\Local\Temp\UnityTemplate\Library\PackageCache\com.unity.ide.rider@3.0.26)
    com.unity.ide.visualstudio@2.0.22 (location: C:\Users\hlula\AppData\Local\Temp\UnityTemplate\Library\PackageCache\com.unity.ide.visualstudio@2.0.22)
    com.unity.inputsystem@1.7.0 (location: C:\Users\hlula\AppData\Local\Temp\UnityTemplate\Library\PackageCache\com.unity.inputsystem@1.7.0)
    com.unity.localization@1.4.5 (location: C:\Users\hlula\AppData\Local\Temp\UnityTemplate\Library\PackageCache\com.unity.localization@1.4.5)
    com.unity.purchasing@4.9.3 (location: C:\Users\hlula\AppData\Local\Temp\UnityTemplate\Library\PackageCache\com.unity.purchasing@4.9.3)
    com.unity.test-framework@1.3.9 (location: C:\Users\hlula\AppData\Local\Temp\UnityTemplate\Library\PackageCache\com.unity.test-framework@1.3.9)
    com.unity.textmeshpro@3.0.6 (location: C:\Users\hlula\AppData\Local\Temp\UnityTemplate\Library\PackageCache\com.unity.textmeshpro@3.0.6)
    com.unity.timeline@1.8.2 (location: C:\Users\hlula\AppData\Local\Temp\UnityTemplate\Library\PackageCache\com.unity.timeline@1.8.2)
    com.unity.xr.interaction.toolkit@2.6.5 (location: C:\Users\hlula\AppData\Local\Temp\UnityTemplate\Library\PackageCache\com.unity.xr.interaction.toolkit@2.6.5)
    com.unity.xr.management@4.5.4 (location: C:\Users\hlula\AppData\Local\Temp\UnityTemplate\Library\PackageCache\com.unity.xr.management@4.5.4)
    com.unity.xr.core-utils@2.5.2 (location: C:\Users\hlula\AppData\Local\Temp\UnityTemplate\Library\PackageCache\com.unity.xr.core-utils@2.5.2)
    com.unity.xr.legacyinputhelpers@2.1.12 (location: C:\Users\hlula\AppData\Local\Temp\UnityTemplate\Library\PackageCache\com.unity.xr.legacyinputhelpers@2.1.12)
    com.unity.mathematics@1.2.6 (location: C:\Users\hlula\AppData\Local\Temp\UnityTemplate\Library\PackageCache\com.unity.mathematics@1.2.6)
    com.unity.ext.nunit@2.0.3 (location: C:\Users\hlula\AppData\Local\Temp\UnityTemplate\Library\PackageCache\com.unity.ext.nunit@2.0.3)
    com.unity.services.core@1.14.0 (location: C:\Users\hlula\AppData\Local\Temp\UnityTemplate\Library\PackageCache\com.unity.services.core@1.14.0)
    com.unity.addressables@1.22.3 (location: C:\Users\hlula\AppData\Local\Temp\UnityTemplate\Library\PackageCache\com.unity.addressables@1.22.3)
    com.unity.nuget.newtonsoft-json@3.2.1 (location: C:\Users\hlula\AppData\Local\Temp\UnityTemplate\Library\PackageCache\com.unity.nuget.newtonsoft-json@3.2.1)
    com.unity.services.analytics@6.0.3 (location: C:\Users\hlula\AppData\Local\Temp\UnityTemplate\Library\PackageCache\com.unity.services.analytics@6.0.3)
    com.unity.scriptablebuildpipeline@1.21.25 (location: C:\Users\hlula\AppData\Local\Temp\UnityTemplate\Library\PackageCache\com.unity.scriptablebuildpipeline@1.21.25)
  Built-in packages:
    com.unity.2d.sprite@1.0.0 (location: C:\Users\hlula\AppData\Local\Temp\UnityTemplate\Library\PackageCache\com.unity.2d.sprite@1.0.0)
    com.unity.2d.tilemap@1.0.0 (location: C:\Users\hlula\AppData\Local\Temp\UnityTemplate\Library\PackageCache\com.unity.2d.tilemap@1.0.0)
    com.unity.ugui@1.0.0 (location: C:\Users\hlula\AppData\Local\Temp\UnityTemplate\Library\PackageCache\com.unity.ugui@1.0.0)
    com.unity.modules.ai@1.0.0 (location: C:\Users\hlula\AppData\Local\Temp\UnityTemplate\Library\PackageCache\com.unity.modules.ai@1.0.0)
    com.unity.modules.androidjni@1.0.0 (location: C:\Users\hlula\AppData\Local\Temp\UnityTemplate\Library\PackageCache\com.unity.modules.androidjni@1.0.0)
    com.unity.modules.animation@1.0.0 (location: C:\Users\hlula\AppData\Local\Temp\UnityTemplate\Library\PackageCache\com.unity.modules.animation@1.0.0)
    com.unity.modules.assetbundle@1.0.0 (location: C:\Users\hlula\AppData\Local\Temp\UnityTemplate\Library\PackageCache\com.unity.modules.assetbundle@1.0.0)
    com.unity.modules.audio@1.0.0 (location: C:\Users\hlula\AppData\Local\Temp\UnityTemplate\Library\PackageCache\com.unity.modules.audio@1.0.0)
    com.unity.modules.cloth@1.0.0 (location: C:\Users\hlula\AppData\Local\Temp\UnityTemplate\Library\PackageCache\com.unity.modules.cloth@1.0.0)
    com.unity.modules.director@1.0.0 (location: C:\Users\hlula\AppData\Local\Temp\UnityTemplate\Library\PackageCache\com.unity.modules.director@1.0.0)
    com.unity.modules.imageconversion@1.0.0 (location: C:\Users\hlula\AppData\Local\Temp\UnityTemplate\Library\PackageCache\com.unity.modules.imageconversion@1.0.0)
    com.unity.modules.imgui@1.0.0 (location: C:\Users\hlula\AppData\Local\Temp\UnityTemplate\Library\PackageCache\com.unity.modules.imgui@1.0.0)
    com.unity.modules.jsonserialize@1.0.0 (location: C:\Users\hlula\AppData\Local\Temp\UnityTemplate\Library\PackageCache\com.unity.modules.jsonserialize@1.0.0)
    com.unity.modules.particlesystem@1.0.0 (location: C:\Users\hlula\AppData\Local\Temp\UnityTemplate\Library\PackageCache\com.unity.modules.particlesystem@1.0.0)
    com.unity.modules.physics@1.0.0 (location: C:\Users\hlula\AppData\Local\Temp\UnityTemplate\Library\PackageCache\com.unity.modules.physics@1.0.0)
    com.unity.modules.physics2d@1.0.0 (location: C:\Users\hlula\AppData\Local\Temp\UnityTemplate\Library\PackageCache\com.unity.modules.physics2d@1.0.0)
    com.unity.modules.screencapture@1.0.0 (location: C:\Users\hlula\AppData\Local\Temp\UnityTemplate\Library\PackageCache\com.unity.modules.screencapture@1.0.0)
    com.unity.modules.terrain@1.0.0 (location: C:\Users\hlula\AppData\Local\Temp\UnityTemplate\Library\PackageCache\com.unity.modules.terrain@1.0.0)
    com.unity.modules.terrainphysics@1.0.0 (location: C:\Users\hlula\AppData\Local\Temp\UnityTemplate\Library\PackageCache\com.unity.modules.terrainphysics@1.0.0)
    com.unity.modules.tilemap@1.0.0 (location: C:\Users\hlula\AppData\Local\Temp\UnityTemplate\Library\PackageCache\com.unity.modules.tilemap@1.0.0)
    com.unity.modules.ui@1.0.0 (location: C:\Users\hlula\AppData\Local\Temp\UnityTemplate\Library\PackageCache\com.unity.modules.ui@1.0.0)
    com.unity.modules.uielements@1.0.0 (location: C:\Users\hlula\AppData\Local\Temp\UnityTemplate\Library\PackageCache\com.unity.modules.uielements@1.0.0)
    com.unity.modules.umbra@1.0.0 (location: C:\Users\hlula\AppData\Local\Temp\UnityTemplate\Library\PackageCache\com.unity.modules.umbra@1.0.0)
    com.unity.modules.unityanalytics@1.0.0 (location: C:\Users\hlula\AppData\Local\Temp\UnityTemplate\Library\PackageCache\com.unity.modules.unityanalytics@1.0.0)
    com.unity.modules.unitywebrequest@1.0.0 (location: C:\Users\hlula\AppData\Local\Temp\UnityTemplate\Library\PackageCache\com.unity.modules.unitywebrequest@1.0.0)
    com.unity.modules.unitywebrequestassetbundle@1.0.0 (location: C:\Users\hlula\AppData\Local\Temp\UnityTemplate\Library\PackageCache\com.unity.modules.unitywebrequestassetbundle@1.0.0)
    com.unity.modules.unitywebrequestaudio@1.0.0 (location: C:\Users\hlula\AppData\Local\Temp\UnityTemplate\Library\PackageCache\com.unity.modules.unitywebrequestaudio@1.0.0)
    com.unity.modules.unitywebrequesttexture@1.0.0 (location: C:\Users\hlula\AppData\Local\Temp\UnityTemplate\Library\PackageCache\com.unity.modules.unitywebrequesttexture@1.0.0)
    com.unity.modules.unitywebrequestwww@1.0.0 (location: C:\Users\hlula\AppData\Local\Temp\UnityTemplate\Library\PackageCache\com.unity.modules.unitywebrequestwww@1.0.0)
    com.unity.modules.vehicles@1.0.0 (location: C:\Users\hlula\AppData\Local\Temp\UnityTemplate\Library\PackageCache\com.unity.modules.vehicles@1.0.0)
    com.unity.modules.video@1.0.0 (location: C:\Users\hlula\AppData\Local\Temp\UnityTemplate\Library\PackageCache\com.unity.modules.video@1.0.0)
    com.unity.modules.vr@1.0.0 (location: C:\Users\hlula\AppData\Local\Temp\UnityTemplate\Library\PackageCache\com.unity.modules.vr@1.0.0)
    com.unity.modules.wind@1.0.0 (location: C:\Users\hlula\AppData\Local\Temp\UnityTemplate\Library\PackageCache\com.unity.modules.wind@1.0.0)
    com.unity.modules.xr@1.0.0 (location: C:\Users\hlula\AppData\Local\Temp\UnityTemplate\Library\PackageCache\com.unity.modules.xr@1.0.0)
    com.unity.modules.subsystems@1.0.0 (location: C:\Users\hlula\AppData\Local\Temp\UnityTemplate\Library\PackageCache\com.unity.modules.subsystems@1.0.0)
[Package Manager] Deprecated packages found in project:
  com.unity.purchasing@4.9.3: Unity IAP 4 is unsupported as of June 8, 2026. IAP 5 is the supported version going forward.
[Subsystems] No new subsystems found in resolved package list.
Package Manager log level set to [2]
[Package Manager] Done registering packages in 0.43 seconds
[Licensing::Client] Successfully resolved entitlement details
[Licensing::Module] Serial number assigned to: "F4-UAW6-NCEM-YFTP-3WHD-XXXX"
[Licensing::Module] Serial number assigned to: "11270023213162-UnityPersXXXX"
Refreshing native plugins compatible for Editor in 6651.14 ms, found 2 plugins.
Preloading 0 native plugins for Editor in 0.00 ms.
Initialize engine version: 2022.3.62f3 (96770f904ca7)
[Subsystems] Discovering subsystems at path C:/Program Files/Unity/Hub/Editor/2022.3.62f3/Editor/Data/Resources/UnitySubsystems
[Subsystems] Discovering subsystems at path C:/Users/hlula/AppData/Local/Temp/UnityTemplate/Assets
GfxDevice: creating device client; threaded=0; jobified=0
Direct3D:
    Version:  Direct3D 11.0 [level 11.1]
    Renderer: AMD Radeon Graphics (ID=0x15bf)
    Vendor:   ATI
    VRAM:     6498 MB
    Driver:   32.0.23017.1001
[Licensing::Client] Successfully resolved entitlement details
[Licensing::Module] Serial number assigned to: "F4-UAW6-NCEM-YFTP-3WHD-XXXX"
[Licensing::Module] Serial number assigned to: "11270023213162-UnityPersXXXX"
Initialize mono
Mono path[0] = 'C:/Program Files/Unity/Hub/Editor/2022.3.62f3/Editor/Data/Managed'
Mono path[1] = 'C:/Program Files/Unity/Hub/Editor/2022.3.62f3/Editor/Data/MonoBleedingEdge/lib/mono/unityjit-win32'
Mono config path = 'C:/Program Files/Unity/Hub/Editor/2022.3.62f3/Editor/Data/MonoBleedingEdge/etc'
Using monoOptions --debugger-agent=transport=dt_socket,embedding=1,server=y,suspend=n,address=127.0.0.1:56248
Using cacheserver namespaces - metadata:defaultmetadata, artifacts:defaultartifacts
Using cacheserver namespaces - metadata:defaultmetadata, artifacts:defaultartifacts
ImportWorker Server TCP listen port: 0
Begin MonoManager ReloadAssembly
Registering precompiled unity dll's ...
Register platform support module: C:/Program Files/Unity/Hub/Editor/2022.3.62f3/Editor/Data/PlaybackEngines/WebGLSupport/UnityEditor.WebGL.Extensions.dll
Register platform support module: C:/Program Files/Unity/Hub/Editor/2022.3.62f3/Editor/Data/PlaybackEngines/AndroidPlayer/UnityEditor.Android.Extensions.dll
Register platform support module: C:/Program Files/Unity/Hub/Editor/2022.3.62f3/Editor/Data/PlaybackEngines/WindowsStandaloneSupport/UnityEditor.WindowsStandalone.Extensions.dll
Registered in 0.012022 seconds.
- Loaded All Assemblies, in  1.299 seconds
Native extension for WindowsStandalone target not found
Native extension for Android target not found
Android Extension - Scanning For ADB Devices 709 ms
Native extension for WebGL target not found
Mono: successfully reloaded assembly
- Finished resetting the current domain, in  1.130 seconds
Domain Reload Profiling: 2428ms
	BeginReloadAssembly (132ms)
		ExecutionOrderSort (0ms)
		DisableScriptedObjects (0ms)
		BackupInstance (0ms)
		ReleaseScriptingObjects (0ms)
		CreateAndSetChildDomain (1ms)
	RebuildCommonClasses (395ms)
	RebuildNativeTypeToScriptingClass (11ms)
	initialDomainReloadingComplete (76ms)
	LoadAllAssembliesAndSetupDomain (683ms)
		LoadAssemblies (131ms)
		RebuildTransferFunctionScriptingTraits (0ms)
		AnalyzeDomain (679ms)
			TypeCache.Refresh (676ms)
				TypeCache.ScanAssembly (655ms)
			ScanForSourceGeneratedMonoScriptInfo (1ms)
			ResolveRequiredComponents (2ms)
	FinalizeReload (1131ms)
		ReleaseScriptCaches (0ms)
		RebuildScriptCaches (0ms)
		SetupLoadedEditorAssemblies (1066ms)
			LogAssemblyErrors (0ms)
			InitializePlatformSupportModulesInManaged (837ms)
			SetLoadedEditorAssemblies (6ms)
			RefreshPlugins (0ms)
			BeforeProcessingInitializeOnLoad (3ms)
			ProcessInitializeOnLoadAttributes (146ms)
			ProcessInitializeOnLoadMethodAttributes (74ms)
			AfterProcessingInitializeOnLoad (0ms)
			EditorAssembliesLoaded (0ms)
		ExecutionOrderSort2 (0ms)
		AwakeInstancesAfterBackupRestoration (0ms)
[Licensing::Client] Successfully resolved entitlement details
[Licensing::Module] Serial number assigned to: "F4-UAW6-NCEM-YFTP-3WHD-XXXX"
[Licensing::Module] Serial number assigned to: "11270023213162-UnityPersXXXX"
[Licensing::Client] Successfully resolved entitlement details
[Licensing::Module] Serial number assigned to: "F4-UAW6-NCEM-YFTP-3WHD-XXXX"
[Licensing::Module] Serial number assigned to: "11270023213162-UnityPersXXXX"
Application.AssetDatabase Initial Refresh Start
[API Updater] Processing imported assemblies took 203 ms (3/3 assembly(ies)).
Filename: C:\Program Files\Unity\Hub\Editor\2022.3.62f3\Editor\Data\NetCoreRuntime\dotnet.exe
Arguments: "C:/Program Files/Unity/Hub/Editor/2022.3.62f3/Editor/Data/Tools/ScriptUpdater/AssemblyUpdater.exe" update -a "Assets/Packages/com.sludgyparrot.platforms/Editor/Plugins/Unity2023/netstandard2.1/ParrotCodeEditorHelpers.dll" --output "C:/Users/hlula/AppData/Local/Temp/tmp230eb95d.tmp" --api-version 2022.3.62f3  -s "C:\Program Files\Unity\Hub\Editor\2022.3.62f3\Editor\Data\NetStandard\ref\2.1.0;C:\Program Files\Unity\Hub\Editor\2022.3.62f3\Editor\Data\NetStandard\compat\2.1.0\shims\netstandard;C:\Program Files\Unity\Hub\Editor\2022.3.62f3\Editor\Data\NetStandard\compat\2.1.0\shims\netfx;+C:/Users/hlula/AppData/Local/Temp/UnityTemplate/Assets;+C:\Users\hlula\AppData\Local\Temp\UnityTemplate\Library\PackageCache\com.unity.2d.sprite@1.0.0;+C:\Users\hlula\AppData\Local\Temp\UnityTemplate\Library\PackageCache\com.unity.2d.tilemap@1.0.0;+C:\Users\hlula\AppData\Local\Temp\UnityTemplate\Library\PackageCache\com.unity.ads@4.4.2;+C:\Users\hlula\AppData\Local\Temp\UnityTemplate\Library\PackageCache\com.unity.ai.navigation@1.1.5;+C:\Users\hlula\AppData\Local\Temp\UnityTemplate\Library\PackageCache\com.unity.analytics@3.8.1;+C:\Users\hlula\AppData\Local\Temp\UnityTemplate\Library\PackageCache\com.unity.collab-proxy@2.2.0;+C:\Users\hlula\AppData\Local\Temp\UnityTemplate\Library\PackageCache\com.unity.ide.rider@3.0.26;+C:\Users\hlula\AppData\Local\Temp\UnityTemplate\Library\PackageCache\com.unity.ide.visualstudio@2.0.22;+C:\Users\hlula\AppData\Local\Temp\UnityTemplate\Library\PackageCache\com.unity.inputsystem@1.7.0;+C:\Users\hlula\AppData\Local\Temp\UnityTemplate\Library\PackageCache\com.unity.localization@1.4.5;+C:\Users\hlula\AppData\Local\Temp\UnityTemplate\Library\PackageCache\com.unity.purchasing@4.9.3;+C:\Users\hlula\AppData\Local\Temp\UnityTemplate\Library\PackageCache\com.unity.test-framework@1.3.9;+C:\Users\hlula\AppData\Local\Temp\UnityTemplate\Library\PackageCache\com.unity.textmeshpro@3.0.6;+C:\Users\hlula\AppData\Local\Temp\UnityTemplate\Library\PackageCache\com.unity.timeline@1.8.2;+C:\Users\hlula\AppData\Local\Temp\UnityTemplate\Library\PackageCache\com.unity.ugui@1.0.0;+C:\Users\hlula\AppData\Local\Temp\UnityTemplate\Library\PackageCache\com.unity.xr.interaction.toolkit@2.6.5;+C:\Users\hlula\AppData\Local\Temp\UnityTemplate\Library\PackageCache\com.unity.xr.management@4.5.4;+C:\Users\hlula\AppData\Local\Temp\UnityTemplate\Library\PackageCache\com.unity.modules.ai@1.0.0;+C:\Users\hlula\AppData\Local\Temp\UnityTemplate\Library\PackageCache\com.unity.modules.androidjni@1.0.0;+C:\Users\hlula\AppData\Local\Temp\UnityTemplate\Library\PackageCache\com.unity.modules.animation@1.0.0;+C:\Users\hlula\AppData\Local\Temp\UnityTemplate\Library\PackageCache\com.unity.modules.assetbundle@1.0.0;+C:\Users\hlula\AppData\Local\Temp\UnityTemplate\Library\PackageCache\com.unity.modules.audio@1.0.0;+C:\Users\hlula\AppData\Local\Temp\UnityTemplate\Library\PackageCache\com.unity.modules.cloth@1.0.0;+C:\Users\hlula\AppData\Local\Temp\UnityTemplate\Library\PackageCache\com.unity.modules.director@1.0.0;+C:\Users\hlula\AppData\Local\Temp\UnityTemplate\Library\PackageCache\com.unity.modules.imageconversion@1.0.0;+C:\Users\hlula\AppData\Local\Temp\UnityTemplate\Library\PackageCache\com.unity.modules.imgui@1.0.0;+C:\Users\hlula\AppData\Local\Temp\UnityTemplate\Library\PackageCache\com.unity.modules.jsonserialize@1.0.0;+C:\Users\hlula\AppData\Local\Temp\UnityTemplate\Library\PackageCache\com.unity.modules.particlesystem@1.0.0;+C:\Users\hlula\AppData\Local\Temp\UnityTemplate\Library\PackageCache\com.unity.modules.physics@1.0.0;+C:\Users\hlula\AppData\Local\Temp\UnityTemplate\Library\PackageCache\com.unity.modules.physics2d@1.0.0;+C:\Users\hlula\AppData\Local\Temp\UnityTemplate\Library\PackageCache\com.unity.modules.screencapture@1.0.0;+C:\Users\hlula\AppData\Local\Temp\UnityTemplate\Library\PackageCache\com.unity.modules.terrain@1.0.0;+C:\Users\hlula\AppData\Local\Temp\UnityTemplate\Library\PackageCache\com.unity.modules.terrainphysics@1.0.0;+C:\Users\hlula\AppData\Local\Temp\UnityTemplate\Library\PackageCache\com.unity.modules.tilemap@1.0.0;+C:\Users\hlula\AppData\Local\Temp\UnityTemplate\Library\PackageCache\com.unity.modules.ui@1.0.0;+C:\Users\hlula\AppData\Local\Temp\UnityTemplate\Library\PackageCache\com.unity.modules.uielements@1.0.0;+C:\Users\hlula\AppData\Local\Temp\UnityTemplate\Library\PackageCache\com.unity.modules.umbra@1.0.0;+C:\Users\hlula\AppData\Local\Temp\UnityTemplate\Library\PackageCache\com.unity.modules.unityanalytics@1.0.0;+C:\Users\hlula\AppData\Local\Temp\UnityTemplate\Library\PackageCache\com.unity.modules.unitywebrequest@1.0.0;+C:\Users\hlula\AppData\Local\Temp\UnityTemplate\Library\PackageCache\com.unity.modules.unitywebrequestassetbundle@1.0.0;+C:\Users\hlula\AppData\Local\Temp\UnityTemplate\Library\PackageCache\com.unity.modules.unitywebrequestaudio@1.0.0;+C:\Users\hlula\AppData\Local\Temp\UnityTemplate\Library\PackageCache\com.unity.modules.unitywebrequesttexture@1.0.0;+C:\Users\hlula\AppData\Local\Temp\UnityTemplate\Library\PackageCache\com.unity.modules.unitywebrequestwww@1.0.0;+C:\Users\hlula\AppData\Local\Temp\UnityTemplate\Library\PackageCache\com.unity.modules.vehicles@1.0.0;+C:\Users\hlula\AppData\Local\Temp\UnityTemplate\Library\PackageCache\com.unity.modules.video@1.0.0;+C:\Users\hlula\AppData\Local\Temp\UnityTemplate\Library\PackageCache\com.unity.modules.vr@1.0.0;+C:\Users\hlula\AppData\Local\Temp\UnityTemplate\Library\PackageCache\com.unity.modules.wind@1.0.0;+C:\Users\hlula\AppData\Local\Temp\UnityTemplate\Library\PackageCache\com.unity.modules.xr@1.0.0;+C:\Users\hlula\AppData\Local\Temp\UnityTemplate\Library\PackageCache\com.unity.modules.subsystems@1.0.0;+C:\Users\hlula\AppData\Local\Temp\UnityTemplate\Library\PackageCache\com.unity.xr.core-utils@2.5.2;+C:\Users\hlula\AppData\Local\Temp\UnityTemplate\Library\PackageCache\com.unity.xr.legacyinputhelpers@2.1.12;+C:\Users\hlula\AppData\Local\Temp\UnityTemplate\Library\PackageCache\com.unity.mathematics@1.2.6;+C:\Users\hlula\AppData\Local\Temp\UnityTemplate\Library\PackageCache\com.unity.ext.nunit@2.0.3;+C:\Users\hlula\AppData\Local\Temp\UnityTemplate\Library\PackageCache\com.unity.services.core@1.14.0;+C:\Users\hlula\AppData\Local\Temp\UnityTemplate\Library\PackageCache\com.unity.addressables@1.22.3;+C:\Users\hlula\AppData\Local\Temp\UnityTemplate\Library\PackageCache\com.unity.nuget.newtonsoft-json@3.2.1;+C:\Users\hlula\AppData\Local\Temp\UnityTemplate\Library\PackageCache\com.unity.services.analytics@6.0.3;+C:\Users\hlula\AppData\Local\Temp\UnityTemplate\Library\PackageCache\com.unity.scriptablebuildpipeline@1.21.25;+C:\Program Files\Unity\Hub\Editor\2022.3.62f3\Editor\Data\Managed\UnityEngine" "C:/Program Files/Unity/Hub/Editor/2022.3.62f3/Editor/Data/Managed/UnityEngine/UnityEngine.CoreModule.dll" "C:/Program Files/Unity/Hub/Editor/2022.3.62f3/Editor/Data/Managed/UnityEngine/UnityEditor.CoreModule.dll"
Filename: C:\Program Files\Unity\Hub\Editor\2022.3.62f3\Editor\Data\NetCoreRuntime\dotnet.exe
Arguments: "C:/Program Files/Unity/Hub/Editor/2022.3.62f3/Editor/Data/Tools/ScriptUpdater/AssemblyUpdater.exe" update -a "Assets/Packages/com.sludgyparrot.platforms/Editor/Plugins/Unity2023/netstandard2.1/ParrotCodePlatformEditor.dll" --output "C:/Users/hlula/AppData/Local/Temp/tmp1d58f217.tmp" --api-version 2022.3.62f3  -s "C:\Program Files\Unity\Hub\Editor\2022.3.62f3\Editor\Data\NetStandard\ref\2.1.0;C:\Program Files\Unity\Hub\Editor\2022.3.62f3\Editor\Data\NetStandard\compat\2.1.0\shims\netstandard;C:\Program Files\Unity\Hub\Editor\2022.3.62f3\Editor\Data\NetStandard\compat\2.1.0\shims\netfx;+C:/Users/hlula/AppData/Local/Temp/UnityTemplate/Assets;+C:\Users\hlula\AppData\Local\Temp\UnityTemplate\Library\PackageCache\com.unity.2d.sprite@1.0.0;+C:\Users\hlula\AppData\Local\Temp\UnityTemplate\Library\PackageCache\com.unity.2d.tilemap@1.0.0;+C:\Users\hlula\AppData\Local\Temp\UnityTemplate\Library\PackageCache\com.unity.ads@4.4.2;+C:\Users\hlula\AppData\Local\Temp\UnityTemplate\Library\PackageCache\com.unity.ai.navigation@1.1.5;+C:\Users\hlula\AppData\Local\Temp\UnityTemplate\Library\PackageCache\com.unity.analytics@3.8.1;+C:\Users\hlula\AppData\Local\Temp\UnityTemplate\Library\PackageCache\com.unity.collab-proxy@2.2.0;+C:\Users\hlula\AppData\Local\Temp\UnityTemplate\Library\PackageCache\com.unity.ide.rider@3.0.26;+C:\Users\hlula\AppData\Local\Temp\UnityTemplate\Library\PackageCache\com.unity.ide.visualstudio@2.0.22;+C:\Users\hlula\AppData\Local\Temp\UnityTemplate\Library\PackageCache\com.unity.inputsystem@1.7.0;+C:\Users\hlula\AppData\Local\Temp\UnityTemplate\Library\PackageCache\com.unity.localization@1.4.5;+C:\Users\hlula\AppData\Local\Temp\UnityTemplate\Library\PackageCache\com.unity.purchasing@4.9.3;+C:\Users\hlula\AppData\Local\Temp\UnityTemplate\Library\PackageCache\com.unity.test-framework@1.3.9;+C:\Users\hlula\AppData\Local\Temp\UnityTemplate\Library\PackageCache\com.unity.textmeshpro@3.0.6;+C:\Users\hlula\AppData\Local\Temp\UnityTemplate\Library\PackageCache\com.unity.timeline@1.8.2;+C:\Users\hlula\AppData\Local\Temp\UnityTemplate\Library\PackageCache\com.unity.ugui@1.0.0;+C:\Users\hlula\AppData\Local\Temp\UnityTemplate\Library\PackageCache\com.unity.xr.interaction.toolkit@2.6.5;+C:\Users\hlula\AppData\Local\Temp\UnityTemplate\Library\PackageCache\com.unity.xr.management@4.5.4;+C:\Users\hlula\AppData\Local\Temp\UnityTemplate\Library\PackageCache\com.unity.modules.ai@1.0.0;+C:\Users\hlula\AppData\Local\Temp\UnityTemplate\Library\PackageCache\com.unity.modules.androidjni@1.0.0;+C:\Users\hlula\AppData\Local\Temp\UnityTemplate\Library\PackageCache\com.unity.modules.animation@1.0.0;+C:\Users\hlula\AppData\Local\Temp\UnityTemplate\Library\PackageCache\com.unity.modules.assetbundle@1.0.0;+C:\Users\hlula\AppData\Local\Temp\UnityTemplate\Library\PackageCache\com.unity.modules.audio@1.0.0;+C:\Users\hlula\AppData\Local\Temp\UnityTemplate\Library\PackageCache\com.unity.modules.cloth@1.0.0;+C:\Users\hlula\AppData\Local\Temp\UnityTemplate\Library\PackageCache\com.unity.modules.director@1.0.0;+C:\Users\hlula\AppData\Local\Temp\UnityTemplate\Library\PackageCache\com.unity.modules.imageconversion@1.0.0;+C:\Users\hlula\AppData\Local\Temp\UnityTemplate\Library\PackageCache\com.unity.modules.imgui@1.0.0;+C:\Users\hlula\AppData\Local\Temp\UnityTemplate\Library\PackageCache\com.unity.modules.jsonserialize@1.0.0;+C:\Users\hlula\AppData\Local\Temp\UnityTemplate\Library\PackageCache\com.unity.modules.particlesystem@1.0.0;+C:\Users\hlula\AppData\Local\Temp\UnityTemplate\Library\PackageCache\com.unity.modules.physics@1.0.0;+C:\Users\hlula\AppData\Local\Temp\UnityTemplate\Library\PackageCache\com.unity.modules.physics2d@1.0.0;+C:\Users\hlula\AppData\Local\Temp\UnityTemplate\Library\PackageCache\com.unity.modules.screencapture@1.0.0;+C:\Users\hlula\AppData\Local\Temp\UnityTemplate\Library\PackageCache\com.unity.modules.terrain@1.0.0;+C:\Users\hlula\AppData\Local\Temp\UnityTemplate\Library\PackageCache\com.unity.modules.terrainphysics@1.0.0;+C:\Users\hlula\AppData\Local\Temp\UnityTemplate\Library\PackageCache\com.unity.modules.tilemap@1.0.0;+C:\Users\hlula\AppData\Local\Temp\UnityTemplate\Library\PackageCache\com.unity.modules.ui@1.0.0;+C:\Users\hlula\AppData\Local\Temp\UnityTemplate\Library\PackageCache\com.unity.modules.uielements@1.0.0;+C:\Users\hlula\AppData\Local\Temp\UnityTemplate\Library\PackageCache\com.unity.modules.umbra@1.0.0;+C:\Users\hlula\AppData\Local\Temp\UnityTemplate\Library\PackageCache\com.unity.modules.unityanalytics@1.0.0;+C:\Users\hlula\AppData\Local\Temp\UnityTemplate\Library\PackageCache\com.unity.modules.unitywebrequest@1.0.0;+C:\Users\hlula\AppData\Local\Temp\UnityTemplate\Library\PackageCache\com.unity.modules.unitywebrequestassetbundle@1.0.0;+C:\Users\hlula\AppData\Local\Temp\UnityTemplate\Library\PackageCache\com.unity.modules.unitywebrequestaudio@1.0.0;+C:\Users\hlula\AppData\Local\Temp\UnityTemplate\Library\PackageCache\com.unity.modules.unitywebrequesttexture@1.0.0;+C:\Users\hlula\AppData\Local\Temp\UnityTemplate\Library\PackageCache\com.unity.modules.unitywebrequestwww@1.0.0;+C:\Users\hlula\AppData\Local\Temp\UnityTemplate\Library\PackageCache\com.unity.modules.vehicles@1.0.0;+C:\Users\hlula\AppData\Local\Temp\UnityTemplate\Library\PackageCache\com.unity.modules.video@1.0.0;+C:\Users\hlula\AppData\Local\Temp\UnityTemplate\Library\PackageCache\com.unity.modules.vr@1.0.0;+C:\Users\hlula\AppData\Local\Temp\UnityTemplate\Library\PackageCache\com.unity.modules.wind@1.0.0;+C:\Users\hlula\AppData\Local\Temp\UnityTemplate\Library\PackageCache\com.unity.modules.xr@1.0.0;+C:\Users\hlula\AppData\Local\Temp\UnityTemplate\Library\PackageCache\com.unity.modules.subsystems@1.0.0;+C:\Users\hlula\AppData\Local\Temp\UnityTemplate\Library\PackageCache\com.unity.xr.core-utils@2.5.2;+C:\Users\hlula\AppData\Local\Temp\UnityTemplate\Library\PackageCache\com.unity.xr.legacyinputhelpers@2.1.12;+C:\Users\hlula\AppData\Local\Temp\UnityTemplate\Library\PackageCache\com.unity.mathematics@1.2.6;+C:\Users\hlula\AppData\Local\Temp\UnityTemplate\Library\PackageCache\com.unity.ext.nunit@2.0.3;+C:\Users\hlula\AppData\Local\Temp\UnityTemplate\Library\PackageCache\com.unity.services.core@1.14.0;+C:\Users\hlula\AppData\Local\Temp\UnityTemplate\Library\PackageCache\com.unity.addressables@1.22.3;+C:\Users\hlula\AppData\Local\Temp\UnityTemplate\Library\PackageCache\com.unity.nuget.newtonsoft-json@3.2.1;+C:\Users\hlula\AppData\Local\Temp\UnityTemplate\Library\PackageCache\com.unity.services.analytics@6.0.3;+C:\Users\hlula\AppData\Local\Temp\UnityTemplate\Library\PackageCache\com.unity.scriptablebuildpipeline@1.21.25;+C:\Program Files\Unity\Hub\Editor\2022.3.62f3\Editor\Data\Managed\UnityEngine" "C:/Program Files/Unity/Hub/Editor/2022.3.62f3/Editor/Data/Managed/UnityEngine/UnityEditor.CoreModule.dll" "C:/Program Files/Unity/Hub/Editor/2022.3.62f3/Editor/Data/Managed/UnityEngine/UnityEngine.CoreModule.dll" "C:/Program Files/Unity/Hub/Editor/2022.3.62f3/Editor/Data/Managed/UnityEngine/UnityEngine.IMGUIModule.dll"
Filename: C:\Program Files\Unity\Hub\Editor\2022.3.62f3\Editor\Data\NetCoreRuntime\dotnet.exe
Arguments: "C:/Program Files/Unity/Hub/Editor/2022.3.62f3/Editor/Data/Tools/ScriptUpdater/AssemblyUpdater.exe" update -a "Assets/Packages/com.sludgyparrot.helpers/Editor/Plugins/Unity2023/netstandard2.1/ParrotCodeEditorHelpers.dll" --output "C:/Users/hlula/AppData/Local/Temp/tmp113536ca.tmp" --api-version 2022.3.62f3  -s "C:\Program Files\Unity\Hub\Editor\2022.3.62f3\Editor\Data\NetStandard\ref\2.1.0;C:\Program Files\Unity\Hub\Editor\2022.3.62f3\Editor\Data\NetStandard\compat\2.1.0\shims\netstandard;C:\Program Files\Unity\Hub\Editor\2022.3.62f3\Editor\Data\NetStandard\compat\2.1.0\shims\netfx;+C:/Users/hlula/AppData/Local/Temp/UnityTemplate/Assets;+C:\Users\hlula\AppData\Local\Temp\UnityTemplate\Library\PackageCache\com.unity.2d.sprite@1.0.0;+C:\Users\hlula\AppData\Local\Temp\UnityTemplate\Library\PackageCache\com.unity.2d.tilemap@1.0.0;+C:\Users\hlula\AppData\Local\Temp\UnityTemplate\Library\PackageCache\com.unity.ads@4.4.2;+C:\Users\hlula\AppData\Local\Temp\UnityTemplate\Library\PackageCache\com.unity.ai.navigation@1.1.5;+C:\Users\hlula\AppData\Local\Temp\UnityTemplate\Library\PackageCache\com.unity.analytics@3.8.1;+C:\Users\hlula\AppData\Local\Temp\UnityTemplate\Library\PackageCache\com.unity.collab-proxy@2.2.0;+C:\Users\hlula\AppData\Local\Temp\UnityTemplate\Library\PackageCache\com.unity.ide.rider@3.0.26;+C:\Users\hlula\AppData\Local\Temp\UnityTemplate\Library\PackageCache\com.unity.ide.visualstudio@2.0.22;+C:\Users\hlula\AppData\Local\Temp\UnityTemplate\Library\PackageCache\com.unity.inputsystem@1.7.0;+C:\Users\hlula\AppData\Local\Temp\UnityTemplate\Library\PackageCache\com.unity.localization@1.4.5;+C:\Users\hlula\AppData\Local\Temp\UnityTemplate\Library\PackageCache\com.unity.purchasing@4.9.3;+C:\Users\hlula\AppData\Local\Temp\UnityTemplate\Library\PackageCache\com.unity.test-framework@1.3.9;+C:\Users\hlula\AppData\Local\Temp\UnityTemplate\Library\PackageCache\com.unity.textmeshpro@3.0.6;+C:\Users\hlula\AppData\Local\Temp\UnityTemplate\Library\PackageCache\com.unity.timeline@1.8.2;+C:\Users\hlula\AppData\Local\Temp\UnityTemplate\Library\PackageCache\com.unity.ugui@1.0.0;+C:\Users\hlula\AppData\Local\Temp\UnityTemplate\Library\PackageCache\com.unity.xr.interaction.toolkit@2.6.5;+C:\Users\hlula\AppData\Local\Temp\UnityTemplate\Library\PackageCache\com.unity.xr.management@4.5.4;+C:\Users\hlula\AppData\Local\Temp\UnityTemplate\Library\PackageCache\com.unity.modules.ai@1.0.0;+C:\Users\hlula\AppData\Local\Temp\UnityTemplate\Library\PackageCache\com.unity.modules.androidjni@1.0.0;+C:\Users\hlula\AppData\Local\Temp\UnityTemplate\Library\PackageCache\com.unity.modules.animation@1.0.0;+C:\Users\hlula\AppData\Local\Temp\UnityTemplate\Library\PackageCache\com.unity.modules.assetbundle@1.0.0;+C:\Users\hlula\AppData\Local\Temp\UnityTemplate\Library\PackageCache\com.unity.modules.audio@1.0.0;+C:\Users\hlula\AppData\Local\Temp\UnityTemplate\Library\PackageCache\com.unity.modules.cloth@1.0.0;+C:\Users\hlula\AppData\Local\Temp\UnityTemplate\Library\PackageCache\com.unity.modules.director@1.0.0;+C:\Users\hlula\AppData\Local\Temp\UnityTemplate\Library\PackageCache\com.unity.modules.imageconversion@1.0.0;+C:\Users\hlula\AppData\Local\Temp\UnityTemplate\Library\PackageCache\com.unity.modules.imgui@1.0.0;+C:\Users\hlula\AppData\Local\Temp\UnityTemplate\Library\PackageCache\com.unity.modules.jsonserialize@1.0.0;+C:\Users\hlula\AppData\Local\Temp\UnityTemplate\Library\PackageCache\com.unity.modules.particlesystem@1.0.0;+C:\Users\hlula\AppData\Local\Temp\UnityTemplate\Library\PackageCache\com.unity.modules.physics@1.0.0;+C:\Users\hlula\AppData\Local\Temp\UnityTemplate\Library\PackageCache\com.unity.modules.physics2d@1.0.0;+C:\Users\hlula\AppData\Local\Temp\UnityTemplate\Library\PackageCache\com.unity.modules.screencapture@1.0.0;+C:\Users\hlula\AppData\Local\Temp\UnityTemplate\Library\PackageCache\com.unity.modules.terrain@1.0.0;+C:\Users\hlula\AppData\Local\Temp\UnityTemplate\Library\PackageCache\com.unity.modules.terrainphysics@1.0.0;+C:\Users\hlula\AppData\Local\Temp\UnityTemplate\Library\PackageCache\com.unity.modules.tilemap@1.0.0;+C:\Users\hlula\AppData\Local\Temp\UnityTemplate\Library\PackageCache\com.unity.modules.ui@1.0.0;+C:\Users\hlula\AppData\Local\Temp\UnityTemplate\Library\PackageCache\com.unity.modules.uielements@1.0.0;+C:\Users\hlula\AppData\Local\Temp\UnityTemplate\Library\PackageCache\com.unity.modules.umbra@1.0.0;+C:\Users\hlula\AppData\Local\Temp\UnityTemplate\Library\PackageCache\com.unity.modules.unityanalytics@1.0.0;+C:\Users\hlula\AppData\Local\Temp\UnityTemplate\Library\PackageCache\com.unity.modules.unitywebrequest@1.0.0;+C:\Users\hlula\AppData\Local\Temp\UnityTemplate\Library\PackageCache\com.unity.modules.unitywebrequestassetbundle@1.0.0;+C:\Users\hlula\AppData\Local\Temp\UnityTemplate\Library\PackageCache\com.unity.modules.unitywebrequestaudio@1.0.0;+C:\Users\hlula\AppData\Local\Temp\UnityTemplate\Library\PackageCache\com.unity.modules.unitywebrequesttexture@1.0.0;+C:\Users\hlula\AppData\Local\Temp\UnityTemplate\Library\PackageCache\com.unity.modules.unitywebrequestwww@1.0.0;+C:\Users\hlula\AppData\Local\Temp\UnityTemplate\Library\PackageCache\com.unity.modules.vehicles@1.0.0;+C:\Users\hlula\AppData\Local\Temp\UnityTemplate\Library\PackageCache\com.unity.modules.video@1.0.0;+C:\Users\hlula\AppData\Local\Temp\UnityTemplate\Library\PackageCache\com.unity.modules.vr@1.0.0;+C:\Users\hlula\AppData\Local\Temp\UnityTemplate\Library\PackageCache\com.unity.modules.wind@1.0.0;+C:\Users\hlula\AppData\Local\Temp\UnityTemplate\Library\PackageCache\com.unity.modules.xr@1.0.0;+C:\Users\hlula\AppData\Local\Temp\UnityTemplate\Library\PackageCache\com.unity.modules.subsystems@1.0.0;+C:\Users\hlula\AppData\Local\Temp\UnityTemplate\Library\PackageCache\com.unity.xr.core-utils@2.5.2;+C:\Users\hlula\AppData\Local\Temp\UnityTemplate\Library\PackageCache\com.unity.xr.legacyinputhelpers@2.1.12;+C:\Users\hlula\AppData\Local\Temp\UnityTemplate\Library\PackageCache\com.unity.mathematics@1.2.6;+C:\Users\hlula\AppData\Local\Temp\UnityTemplate\Library\PackageCache\com.unity.ext.nunit@2.0.3;+C:\Users\hlula\AppData\Local\Temp\UnityTemplate\Library\PackageCache\com.unity.services.core@1.14.0;+C:\Users\hlula\AppData\Local\Temp\UnityTemplate\Library\PackageCache\com.unity.addressables@1.22.3;+C:\Users\hlula\AppData\Local\Temp\UnityTemplate\Library\PackageCache\com.unity.nuget.newtonsoft-json@3.2.1;+C:\Users\hlula\AppData\Local\Temp\UnityTemplate\Library\PackageCache\com.unity.services.analytics@6.0.3;+C:\Users\hlula\AppData\Local\Temp\UnityTemplate\Library\PackageCache\com.unity.scriptablebuildpipeline@1.21.25;+C:\Program Files\Unity\Hub\Editor\2022.3.62f3\Editor\Data\Managed\UnityEngine" "C:/Program Files/Unity/Hub/Editor/2022.3.62f3/Editor/Data/Managed/UnityEngine/UnityEngine.CoreModule.dll" "C:/Program Files/Unity/Hub/Editor/2022.3.62f3/Editor/Data/Managed/UnityEngine/UnityEditor.CoreModule.dll"
[API Updater] Assemblies not requiring updates:
[API Updater] Assets/Packages/com.sludgyparrot.helpers/Editor/Plugins/Unity2023/netstandard2.1/ParrotCodeEditorHelpers.dll
[API Updater] Assets/Packages/com.sludgyparrot.platforms/Editor/Plugins/Unity2023/netstandard2.1/ParrotCodeEditorHelpers.dll
[API Updater] Assets/Packages/com.sludgyparrot.platforms/Editor/Plugins/Unity2023/netstandard2.1/ParrotCodePlatformEditor.dll
[API Updater] Update finished with success in 2644 ms (0/3 assembly(ies) updated).
Assembly Updater Post Process Assets time: 2.852880s
[ScriptCompilation] Requested script compilation because: Assetdatabase observed changes in script compilation related files
Starting: C:\Program Files\Unity\Hub\Editor\2022.3.62f3\Editor\Data\bee_backend.exe --ipc --defer-dag-verification --dagfile="Library/Bee/1300b0aEDbg.dag" --continue-on-failure --profile="Library/Bee/backend1.traceevents" ScriptAssemblies
WorkingDir: C:/Users/hlula/AppData/Local/Temp/UnityTemplate
ExitCode: 4 Duration: 0s56ms
[             ] Require frontend run.  Library/Bee/1300b0aEDbg.dag couldn't be loaded
DisplayProgressbar: Compiling Scripts
Starting: C:\Program Files\Unity\Hub\Editor\2022.3.62f3\Editor\Data\Tools\netcorerun\netcorerun.exe "C:\Program Files\Unity\Hub\Editor\2022.3.62f3\Editor\Data\Tools\BuildPipeline\ScriptCompilationBuildProgram.exe" "Library/Bee/1300b0aEDbg.dag.json" "Library/Bee/1300b0aEDbg-inputdata.json" "Library\Bee\buildprogram0.traceevents"
WorkingDir: C:/Users/hlula/AppData/Local/Temp/UnityTemplate
ExitCode: 0 Duration: 3s122ms
Starting: C:\Program Files\Unity\Hub\Editor\2022.3.62f3\Editor\Data\bee_backend.exe --ipc --defer-dag-verification --dagfile="Library/Bee/1300b0aEDbg.dag" --continue-on-failure --dagfilejson="Library\Bee\1300b0aEDbg.dag.json" --profile="Library/Bee/backend2.traceevents" ScriptAssemblies
WorkingDir: C:/Users/hlula/AppData/Local/Temp/UnityTemplate
ExitCode: 0 Duration: 13s
Finished compiling graph: 805 nodes, 11226 flattened edges (9944 ToBuild, 158 ToUse), maximum node priority 580
[ 97/801    0s] WriteText Library/Bee/artifacts/1300b0aEDbg.dag/UnityEngine.UI.UnityAdditionalFile.txt
[ 98/801    0s] WriteText Library/Bee/artifacts/1300b0aEDbg.dag/UnityEngine.UI.rsp2
[ 99/801    0s] WriteText Library/Bee/artifacts/1300b0aEDbg.dag/UnityEditor.TestRunner.rsp
[100/801    0s] WriteText Library/Bee/artifacts/1300b0aEDbg.dag/UnityEditor.UI.rsp2
[101/801    0s] WriteText Library/Bee/artifacts/1300b0aEDbg.dag/UnityEditor.TestRunner.dll.mvfrm.rsp
[102/801    0s] WriteText Library/Bee/artifacts/1300b0aEDbg.dag/UnityEditor.UI.UnityAdditionalFile.txt
[103/801    0s] WriteText Library/Bee/artifacts/1300b0aEDbg.dag/UnityEngine.TestRunner.UnityAdditionalFile.txt
[104/801    0s] WriteText Library/Bee/artifacts/1300b0aEDbg.dag/UnityEditor.UI.dll.mvfrm.rsp
[105/801    0s] WriteText Library/Bee/artifacts/1300b0aEDbg.dag/UnityEditor.UI.rsp
[106/801    0s] WriteText Library/Bee/artifacts/1300b0aEDbg.dag/Unity.Services.Core.dll.mvfrm.rsp
[107/801    0s] WriteText Library/Bee/artifacts/1300b0aEDbg.dag/Unity.Services.Core.UnityAdditionalFile.txt
[108/801    0s] WriteText Library/Bee/artifacts/1300b0aEDbg.dag/Unity.Services.Core.Internal.rsp2
[109/801    0s] WriteText Library/Bee/artifacts/1300b0aEDbg.dag/Unity.Services.Core.Internal.UnityAdditionalFile.txt
[110/801    0s] WriteText Library/Bee/artifacts/1300b0aEDbg.dag/Unity.Services.Core.rsp2
[111/801    0s] WriteText Library/Bee/artifacts/1300b0aEDbg.dag/Unity.Services.Core.Internal.dll.mvfrm.rsp
[112/801    0s] WriteText Library/Bee/artifacts/1300b0aEDbg.dag/Unity.Services.Core.rsp
[113/801    0s] WriteText Library/Bee/artifacts/1300b0aEDbg.dag/Unity.Services.Core.Internal.rsp
[114/801    0s] WriteText Library/Bee/artifacts/1300b0aEDbg.dag/Unity.Services.Core.Environments.UnityAdditionalFile.txt
[115/801    0s] WriteText Library/Bee/artifacts/1300b0aEDbg.dag/Purchasing.Common.UnityAdditionalFile.txt
[116/801    0s] WriteText Library/Bee/artifacts/1300b0aEDbg.dag/Unity.Services.Core.Environments.rsp2
[117/801    0s] WriteText Library/Bee/artifacts/1300b0aEDbg.dag/Purchasing.Common.rsp2
[118/801    0s] WriteText Library/Bee/artifacts/1300b0aEDbg.dag/Unity.Services.Core.Environments.dll.mvfrm.rsp
[119/801    0s] WriteText Library/Bee/artifacts/1300b0aEDbg.dag/UnityEngine.TestRunner.rsp2
[120/801    0s] WriteText Library/Bee/artifacts/1300b0aEDbg.dag/UnityEngine.UI.rsp
[121/801    0s] WriteText Library/Bee/artifacts/1300b0aEDbg.dag/UnityEngine.TestRunner.dll.mvfrm.rsp
[122/801    0s] WriteText Library/Bee/artifacts/1300b0aEDbg.dag/Unity.InputSystem.rsp2
[123/801    0s] WriteText Library/Bee/artifacts/1300b0aEDbg.dag/UnityEngine.UI.dll.mvfrm.rsp
[124/801    0s] WriteText Library/Bee/artifacts/1300b0aEDbg.dag/UnityEngine.Purchasing.SecurityCore.UnityAdditionalFile.txt
[125/801    0s] WriteText Library/Bee/artifacts/1300b0aEDbg.dag/UnityEngine.Purchasing.SecurityCore.rsp2
[126/801    0s] WriteText Library/Bee/artifacts/1300b0aEDbg.dag/Unity.InputSystem.UnityAdditionalFile.txt
[127/801    0s] WriteText Library/Bee/artifacts/1300b0aEDbg.dag/Unity.Services.Core.Environments.rsp
[128/801    0s] WriteText Library/Bee/artifacts/1300b0aEDbg.dag/Unity.ResourceManager.rsp2
[129/801    0s] WriteText Library/Bee/artifacts/1300b0aEDbg.dag/Purchasing.Common.dll.mvfrm.rsp
[130/801    0s] WriteText Library/Bee/artifacts/1300b0aEDbg.dag/UnityEditor.TestRunner.UnityAdditionalFile.txt
[131/801    0s] WriteText Library/Bee/artifacts/1300b0aEDbg.dag/Unity.Services.Analytics.UnityAdditionalFile.txt
[132/801    0s] WriteText Library/Bee/artifacts/1300b0aEDbg.dag/Unity.Services.Analytics.rsp2
[133/801    0s] WriteText Library/Bee/artifacts/1300b0aEDbg.dag/UnityEngine.Purchasing.SecurityCore.dll.mvfrm.rsp
[134/801    0s] WriteText Library/Bee/artifacts/1300b0aEDbg.dag/UnityEngine.SpatialTracking.UnityAdditionalFile.txt
[135/801    0s] WriteText Library/Bee/artifacts/1300b0aEDbg.dag/Unity.InputSystem.dll.mvfrm.rsp
[136/801    0s] WriteText Library/Bee/artifacts/1300b0aEDbg.dag/Unity.Services.Analytics.dll.mvfrm.rsp
[137/801    0s] WriteText Library/Bee/artifacts/1300b0aEDbg.dag/UnityEngine.SpatialTracking.rsp2
[138/801    0s] WriteText Library/Bee/artifacts/1300b0aEDbg.dag/UnityEngine.TestRunner.rsp
[139/801    0s] WriteText Library/Bee/artifacts/1300b0aEDbg.dag/UnityEditor.TestRunner.rsp2
[140/801    0s] WriteText Library/Bee/artifacts/1300b0aEDbg.dag/Purchasing.Common.rsp
[141/801    0s] WriteText Library/Bee/artifacts/1300b0aEDbg.dag/UnityEngine.Purchasing.AppleCore.rsp2
[142/801    0s] WriteText Library/Bee/artifacts/1300b0aEDbg.dag/Unity.ResourceManager.UnityAdditionalFile.txt
[143/801    0s] WriteText Library/Bee/artifacts/1300b0aEDbg.dag/UnityEngine.SpatialTracking.dll.mvfrm.rsp
[144/801    0s] WriteText Library/Bee/artifacts/1300b0aEDbg.dag/Unity.Services.Analytics.rsp
[145/801    0s] WriteText Library/Bee/artifacts/1300b0aEDbg.dag/UnityEngine.Purchasing.WinRTCore.UnityAdditionalFile.txt
[146/801    0s] WriteText Library/Bee/artifacts/1300b0aEDbg.dag/UnityEngine.Purchasing.AppleCore.UnityAdditionalFile.txt
[147/801    0s] WriteText Library/Bee/artifacts/1300b0aEDbg.dag/UnityEngine.Purchasing.WinRTCore.rsp2
[148/801    0s] WriteText Library/Bee/artifacts/1300b0aEDbg.dag/UnityEngine.Purchasing.UnityAdditionalFile.txt
[149/801    0s] WriteText Library/Bee/artifacts/1300b0aEDbg.dag/Unity.ResourceManager.rsp
[150/801    0s] WriteText Library/Bee/artifacts/1300b0aEDbg.dag/Unity.InputSystem.rsp
[151/801    0s] WriteText Library/Bee/artifacts/1300b0aEDbg.dag/UnityEngine.Purchasing.SecurityCore.rsp
[152/801    0s] WriteText Library/Bee/artifacts/1300b0aEDbg.dag/UnityEngine.Purchasing.rsp2
[153/801    0s] WriteText Library/Bee/artifacts/1300b0aEDbg.dag/UnityEngine.Purchasing.AppleCore.dll.mvfrm.rsp
[154/801    0s] WriteText Library/Bee/artifacts/1300b0aEDbg.dag/UnityEngine.Purchasing.WinRTCore.dll.mvfrm.rsp
[155/801    0s] WriteText Library/Bee/artifacts/1300b0aEDbg.dag/Unity.Services.Core.Configuration.UnityAdditionalFile.txt
[156/801    0s] WriteText Library/Bee/artifacts/1300b0aEDbg.dag/UnityEngine.Purchasing.SecurityStub.UnityAdditionalFile.txt
[157/801    0s] WriteText Library/Bee/artifacts/1300b0aEDbg.dag/UnityEngine.Purchasing.WinRTCore.rsp
[158/801    0s] WriteText Library/Bee/artifacts/1300b0aEDbg.dag/Unity.ResourceManager.dll.mvfrm.rsp
[159/801    0s] WriteText Library/Bee/artifacts/1300b0aEDbg.dag/UnityEngine.SpatialTracking.rsp
[160/801    0s] WriteText Library/Bee/artifacts/1300b0aEDbg.dag/UnityEngine.Purchasing.AppleCore.rsp
[161/801    0s] WriteText Library/Bee/artifacts/1300b0aEDbg.dag/Unity.Services.Core.Configuration.rsp2
[162/801    0s] WriteText Library/Bee/artifacts/1300b0aEDbg.dag/Unity.Services.Core.Configuration.dll.mvfrm.rsp
[163/801    0s] WriteText Library/Bee/artifacts/1300b0aEDbg.dag/Unity.ScriptableBuildPipeline.UnityAdditionalFile.txt
[164/801    0s] WriteText Library/Bee/artifacts/1300b0aEDbg.dag/Unity.ScriptableBuildPipeline.rsp2
[165/801    0s] WriteText Library/Bee/artifacts/1300b0aEDbg.dag/UnityEngine.Purchasing.SecurityStub.rsp2
[166/801    0s] WriteText Library/Bee/artifacts/1300b0aEDbg.dag/Unity.ScriptableBuildPipeline.dll.mvfrm.rsp
[167/801    0s] WriteText Library/Bee/artifacts/1300b0aEDbg.dag/Unity.Services.Core.Scheduler.UnityAdditionalFile.txt
[168/801    0s] WriteText Library/Bee/artifacts/1300b0aEDbg.dag/Unity.Services.Core.Threading.rsp2
[169/801    0s] WriteText Library/Bee/artifacts/1300b0aEDbg.dag/UnityEngine.Purchasing.SecurityStub.dll.mvfrm.rsp
[170/801    0s] WriteText Library/Bee/artifacts/1300b0aEDbg.dag/Unity.Services.Core.Environments.Internal.rsp2
[171/801    0s] WriteText Library/Bee/artifacts/1300b0aEDbg.dag/Unity.ScriptableBuildPipeline.rsp
[172/801    0s] WriteText Library/Bee/artifacts/1300b0aEDbg.dag/Unity.Services.Core.Device.rsp2
[173/801    0s] WriteText Library/Bee/artifacts/1300b0aEDbg.dag/Unity.Services.Core.Threading.UnityAdditionalFile.txt
[174/801    0s] WriteText Library/Bee/artifacts/1300b0aEDbg.dag/UnityEngine.Purchasing.dll.mvfrm.rsp
[175/801    0s] WriteText Library/Bee/artifacts/1300b0aEDbg.dag/Unity.Services.Core.Scheduler.rsp2
[176/801    0s] WriteText Library/Bee/artifacts/1300b0aEDbg.dag/UnityEngine.Purchasing.rsp
[177/801    0s] WriteText Library/Bee/artifacts/1300b0aEDbg.dag/Unity.Services.Core.Telemetry.UnityAdditionalFile.txt
[178/801    0s] WriteText Library/Bee/artifacts/1300b0aEDbg.dag/UnityEngine.Purchasing.AppleMacosStub.rsp2
[179/801    0s] WriteText Library/Bee/artifacts/1300b0aEDbg.dag/Unity.Services.Core.Configuration.rsp
[180/801    0s] WriteText Library/Bee/artifacts/1300b0aEDbg.dag/Unity.Services.Core.Telemetry.rsp2
[181/801    0s] WriteText Library/Bee/artifacts/1300b0aEDbg.dag/UnityEngine.Purchasing.WinRTStub.rsp2
[182/801    0s] WriteText Library/Bee/artifacts/1300b0aEDbg.dag/Unity.Services.Core.Scheduler.dll.mvfrm.rsp
[183/801    0s] WriteText Library/Bee/artifacts/1300b0aEDbg.dag/UnityEngine.Purchasing.SecurityStub.rsp
[184/801    0s] WriteText Library/Bee/artifacts/1300b0aEDbg.dag/Unity.Services.Core.Device.UnityAdditionalFile.txt
[185/801    0s] WriteText Library/Bee/artifacts/1300b0aEDbg.dag/Unity.Services.Core.Telemetry.dll.mvfrm.rsp
[186/801    0s] WriteText Library/Bee/artifacts/1300b0aEDbg.dag/UnityEngine.Purchasing.WinRTStub.UnityAdditionalFile.txt
[187/801    0s] WriteText Library/Bee/artifacts/1300b0aEDbg.dag/Unity.Addressables.UnityAdditionalFile.txt
[188/801    0s] WriteText Library/Bee/artifacts/1300b0aEDbg.dag/UnityEngine.Purchasing.AppleMacosStub.UnityAdditionalFile.txt
[189/801    0s] WriteText Library/Bee/artifacts/1300b0aEDbg.dag/UnityEngine.Purchasing.AppleStub.UnityAdditionalFile.txt
[190/801    0s] WriteText Library/Bee/artifacts/1300b0aEDbg.dag/Unity.Addressables.rsp2
[191/801    0s] WriteText Library/Bee/artifacts/1300b0aEDbg.dag/Unity.Services.Core.Environments.Internal.UnityAdditionalFile.txt
[192/801    0s] WriteText Library/Bee/artifacts/1300b0aEDbg.dag/Unity.Services.Core.Threading.dll.mvfrm.rsp
[193/801    0s] WriteText Library/Bee/artifacts/1300b0aEDbg.dag/Unity.Services.Core.Device.dll.mvfrm.rsp
[194/801    0s] WriteText Library/Bee/artifacts/1300b0aEDbg.dag/UnityEngine.Purchasing.WinRTStub.dll.mvfrm.rsp
[195/801    0s] WriteText Library/Bee/artifacts/1300b0aEDbg.dag/UnityEngine.Purchasing.AppleStub.rsp2
[196/801    0s] WriteText Library/Bee/artifacts/1300b0aEDbg.dag/Unity.Services.Core.Telemetry.rsp
[197/801    0s] WriteText Library/Bee/artifacts/1300b0aEDbg.dag/UnityEngine.Purchasing.AppleMacosStub.dll.mvfrm.rsp
[198/801    0s] WriteText Library/Bee/artifacts/1300b0aEDbg.dag/Unity.XR.CoreUtils.rsp2
[199/801    0s] WriteText Library/Bee/artifacts/1300b0aEDbg.dag/UnityEngine.Purchasing.AppleStub.dll.mvfrm.rsp
[200/801    0s] WriteText Library/Bee/artifacts/1300b0aEDbg.dag/Unity.Services.Core.Environments.Internal.dll.mvfrm.rsp
[201/801    0s] WriteText Library/Bee/artifacts/1300b0aEDbg.dag/Unity.XR.CoreUtils.UnityAdditionalFile.txt
[202/801    0s] WriteText Library/Bee/artifacts/1300b0aEDbg.dag/UnityEngine.Purchasing.WinRTStub.rsp
[203/801    0s] WriteText Library/Bee/artifacts/1300b0aEDbg.dag/Unity.Services.Core.Scheduler.rsp
[204/801    0s] WriteText Library/Bee/artifacts/1300b0aEDbg.dag/Unity.Services.Core.Threading.rsp
[205/801    0s] WriteText Library/Bee/artifacts/1300b0aEDbg.dag/Unity.Services.Core.Device.rsp
[206/801    0s] WriteText Library/Bee/artifacts/1300b0aEDbg.dag/UnityEngine.Purchasing.AppleMacosStub.rsp
[207/801    0s] WriteText Library/Bee/artifacts/1300b0aEDbg.dag/Unity.Services.Core.Environments.Internal.rsp
[208/801    0s] WriteText Library/Bee/artifacts/1300b0aEDbg.dag/UnityEngine.Purchasing.AppleStub.rsp
[209/801    0s] WriteText Library/Bee/artifacts/1300b0aEDbg.dag/Unity.TextMeshPro.rsp2
[210/801    0s] WriteText Library/Bee/artifacts/1300b0aEDbg.dag/Unity.TextMeshPro.UnityAdditionalFile.txt
[211/801    0s] WriteText Library/Bee/artifacts/1300b0aEDbg.dag/Unity.ScriptableBuildPipeline.Editor.UnityAdditionalFile.txt
[212/801    0s] WriteText Library/Bee/artifacts/1300b0aEDbg.dag/Unity.Addressables.dll.mvfrm.rsp
[213/801    0s] WriteText Library/Bee/artifacts/1300b0aEDbg.dag/Unity.ScriptableBuildPipeline.Editor.rsp2
[214/801    0s] WriteText Library/Bee/artifacts/1300b0aEDbg.dag/Unity.Services.Core.Configuration.Editor.rsp2
[215/801    0s] WriteText Library/Bee/artifacts/1300b0aEDbg.dag/Unity.Services.Core.Components.UnityAdditionalFile.txt
[216/801    0s] WriteText Library/Bee/artifacts/1300b0aEDbg.dag/UnityEngine.XR.LegacyInputHelpers.rsp2
[217/801    0s] WriteText Library/Bee/artifacts/1300b0aEDbg.dag/Unity.XR.Management.rsp2
[218/801    0s] WriteText Library/Bee/artifacts/1300b0aEDbg.dag/Unity.Services.Core.Components.rsp2
[219/801    0s] WriteText Library/Bee/artifacts/1300b0aEDbg.dag/UnityEngine.Purchasing.Stores.rsp2
[220/801    0s] WriteText Library/Bee/artifacts/1300b0aEDbg.dag/UnityEngine.XR.LegacyInputHelpers.UnityAdditionalFile.txt
[221/801    0s] WriteText Library/Bee/artifacts/1300b0aEDbg.dag/Unity.Services.Core.Configuration.Editor.UnityAdditionalFile.txt
[222/801    0s] WriteText Library/Bee/artifacts/1300b0aEDbg.dag/Unity.Addressables.rsp
[223/801    0s] WriteText Library/Bee/artifacts/1300b0aEDbg.dag/Unity.AI.Navigation.rsp2
[224/801    0s] WriteText Library/Bee/artifacts/1300b0aEDbg.dag/Unity.AI.Navigation.UnityAdditionalFile.txt
[225/801    0s] WriteText Library/Bee/artifacts/1300b0aEDbg.dag/Unity.Services.Core.Configuration.Editor.dll.mvfrm.rsp
[226/801    0s] WriteText Library/Bee/artifacts/1300b0aEDbg.dag/Unity.AI.Navigation.Editor.ConversionSystem.rsp2
[227/801    0s] WriteText Library/Bee/artifacts/1300b0aEDbg.dag/Unity.Services.Core.Components.dll.mvfrm.rsp
[228/801    0s] WriteText Library/Bee/artifacts/1300b0aEDbg.dag/Unity.Services.Core.Networking.UnityAdditionalFile.txt
[229/801    0s] WriteText Library/Bee/artifacts/1300b0aEDbg.dag/Unity.Mathematics.UnityAdditionalFile.txt
[230/801    0s] WriteText Library/Bee/artifacts/1300b0aEDbg.dag/Unity.XR.CoreUtils.dll.mvfrm.rsp
[231/801    0s] WriteText Library/Bee/artifacts/1300b0aEDbg.dag/Unity.Mathematics.rsp2
[232/801    0s] WriteText Library/Bee/artifacts/1300b0aEDbg.dag/Unity.AI.Navigation.Editor.ConversionSystem.UnityAdditionalFile.txt
[233/801    0s] WriteText Library/Bee/artifacts/1300b0aEDbg.dag/Unity.ScriptableBuildPipeline.Editor.dll.mvfrm.rsp
[234/801    0s] WriteText Library/Bee/artifacts/1300b0aEDbg.dag/Unity.XR.CoreUtils.rsp
[235/801    0s] WriteText Library/Bee/artifacts/1300b0aEDbg.dag/Unity.XR.Management.UnityAdditionalFile.txt
[236/801    0s] WriteText Library/Bee/artifacts/1300b0aEDbg.dag/Unity.Services.Core.Networking.dll.mvfrm.rsp
[237/801    0s] WriteText Library/Bee/artifacts/1300b0aEDbg.dag/Unity.TextMeshPro.dll.mvfrm.rsp
[238/801    0s] WriteText Library/Bee/artifacts/1300b0aEDbg.dag/Unity.XR.Management.dll.mvfrm.rsp
[239/801    0s] WriteText Library/Bee/artifacts/1300b0aEDbg.dag/Unity.Services.Core.Registration.rsp2
[240/801    0s] WriteText Library/Bee/artifacts/1300b0aEDbg.dag/UnityEngine.Purchasing.Stores.dll.mvfrm.rsp
[241/801    0s] WriteText Library/Bee/artifacts/1300b0aEDbg.dag/UnityEngine.Purchasing.Stores.UnityAdditionalFile.txt
[242/801    0s] WriteText Library/Bee/artifacts/1300b0aEDbg.dag/Unity.AI.Navigation.dll.mvfrm.rsp
[243/801    0s] WriteText Library/Bee/artifacts/1300b0aEDbg.dag/Unity.AI.Navigation.Editor.ConversionSystem.dll.mvfrm.rsp
[244/801    0s] WriteText Library/Bee/artifacts/1300b0aEDbg.dag/Unity.ScriptableBuildPipeline.Editor.rsp
[245/801    0s] WriteText Library/Bee/artifacts/1300b0aEDbg.dag/Unity.Mathematics.dll.mvfrm.rsp
[246/801    0s] WriteText Library/Bee/artifacts/1300b0aEDbg.dag/Unity.TextMeshPro.rsp
[247/801    0s] WriteText Library/Bee/artifacts/1300b0aEDbg.dag/Unity.Services.Core.Registration.dll.mvfrm.rsp
[248/801    0s] WriteText Library/Bee/artifacts/1300b0aEDbg.dag/Unity.Services.Core.Registration.UnityAdditionalFile.txt
[249/801    0s] WriteText Library/Bee/artifacts/1300b0aEDbg.dag/UnityEngine.XR.LegacyInputHelpers.dll.mvfrm.rsp
[250/801    0s] WriteText Library/Bee/artifacts/1300b0aEDbg.dag/Unity.Services.Core.Configuration.Editor.rsp
[251/801    0s] WriteText Library/Bee/artifacts/1300b0aEDbg.dag/Unity.Services.Core.Components.rsp
[252/801    0s] WriteText Library/Bee/artifacts/1300b0aEDbg.dag/Unity.AI.Navigation.Editor.ConversionSystem.rsp
[253/801    0s] WriteText Library/Bee/artifacts/1300b0aEDbg.dag/Unity.Services.Core.Networking.rsp
[254/801    0s] WriteText Library/Bee/artifacts/1300b0aEDbg.dag/Unity.Services.Core.Networking.rsp2
[255/801    0s] WriteText Library/Bee/artifacts/1300b0aEDbg.dag/Unity.Services.Core.Registration.rsp
[256/801    0s] WriteText Library/Bee/artifacts/1300b0aEDbg.dag/Unity.InternalAPIEngineBridge.013.UnityAdditionalFile.txt
[257/801    0s] WriteText Library/Bee/artifacts/1300b0aEDbg.dag/UnityEngine.Purchasing.Stores.rsp
[258/801    0s] WriteText Library/Bee/artifacts/1300b0aEDbg.dag/Unity.Services.Core.Editor.rsp2
[259/801    0s] WriteText Library/Bee/artifacts/1300b0aEDbg.dag/UnityEngine.XR.LegacyInputHelpers.rsp
[260/801    0s] WriteText Library/Bee/artifacts/1300b0aEDbg.dag/Unity.XR.Management.rsp
[261/801    0s] WriteText Library/Bee/artifacts/1300b0aEDbg.dag/Unity.InternalAPIEngineBridge.013.dll.mvfrm.rsp
[262/801    0s] WriteText Library/Bee/artifacts/1300b0aEDbg.dag/Unity.Mathematics.rsp
[263/801    0s] WriteText Library/Bee/artifacts/1300b0aEDbg.dag/Unity.Services.Core.Editor.UnityAdditionalFile.txt
[264/801    0s] WriteText Library/Bee/artifacts/1300b0aEDbg.dag/Unity.InternalAPIEngineBridge.013.rsp2
[265/801    0s] WriteText Library/Bee/artifacts/1300b0aEDbg.dag/Unity.XR.CoreUtils.Editor.UnityAdditionalFile.txt
[266/801    0s] WriteText Library/Bee/artifacts/1300b0aEDbg.dag/Unity.XR.CoreUtils.Editor.rsp2
[267/801    0s] WriteText Library/Bee/artifacts/1300b0aEDbg.dag/Unity.Addressables.Editor.UnityAdditionalFile.txt
[268/801    0s] WriteText Library/Bee/artifacts/1300b0aEDbg.dag/Unity.AI.Navigation.rsp
[269/801    0s] WriteText Library/Bee/artifacts/1300b0aEDbg.dag/Unity.Addressables.Editor.rsp2
[270/801    0s] WriteText Library/Bee/artifacts/1300b0aEDbg.dag/Unity.Services.Core.Editor.dll.mvfrm.rsp
[271/801    0s] WriteText Library/Bee/artifacts/1300b0aEDbg.dag/Unity.InternalAPIEngineBridge.013.rsp
[272/801    0s] WriteText Library/Bee/artifacts/1300b0aEDbg.dag/Unity.Localization.UnityAdditionalFile.txt
[273/801    0s] WriteText Library/Bee/artifacts/1300b0aEDbg.dag/Unity.Timeline.rsp2
[274/801    0s] WriteText Library/Bee/artifacts/1300b0aEDbg.dag/Unity.Timeline.UnityAdditionalFile.txt
[275/801    0s] WriteText Library/Bee/artifacts/1300b0aEDbg.dag/Unity.XR.Interaction.Toolkit.UnityAdditionalFile.txt
[276/801    0s] WriteText Library/Bee/artifacts/1300b0aEDbg.dag/Unity.AI.Navigation.Editor.UnityAdditionalFile.txt
[277/801    0s] WriteText Library/Bee/artifacts/1300b0aEDbg.dag/UnityEngine.Purchasing.Codeless.rsp2
[278/801    0s] WriteText Library/Bee/artifacts/1300b0aEDbg.dag/Unity.AI.Navigation.Editor.rsp2
[279/801    0s] WriteText Library/Bee/artifacts/1300b0aEDbg.dag/Unity.Localization.rsp2
[280/801    0s] WriteText Library/Bee/artifacts/1300b0aEDbg.dag/Unity.XR.Interaction.Toolkit.rsp2
[281/801    0s] WriteText Library/Bee/artifacts/1300b0aEDbg.dag/Unity.Addressables.Editor.dll.mvfrm.rsp
[282/801    0s] WriteText Library/Bee/artifacts/1300b0aEDbg.dag/Unity.XR.CoreUtils.Editor.dll.mvfrm.rsp
[283/801    0s] WriteText Library/Bee/artifacts/1300b0aEDbg.dag/Unity.Services.Core.Editor.rsp
[284/801    0s] WriteText Library/Bee/artifacts/1300b0aEDbg.dag/Unity.Localization.dll.mvfrm.rsp
[285/801    0s] WriteText Library/Bee/artifacts/1300b0aEDbg.dag/Unity.AI.Navigation.Editor.dll.mvfrm.rsp
[286/801    0s] WriteText Library/Bee/artifacts/1300b0aEDbg.dag/UnityEngine.Purchasing.Codeless.dll.mvfrm.rsp
[287/801    0s] WriteText Library/Bee/artifacts/1300b0aEDbg.dag/UnityEngine.Purchasing.Codeless.UnityAdditionalFile.txt
[288/801    0s] WriteText Library/Bee/artifacts/1300b0aEDbg.dag/Unity.XR.CoreUtils.Editor.rsp
[289/801    0s] WriteText Library/Bee/artifacts/1300b0aEDbg.dag/Unity.InternalAPIEditorBridge.013.rsp2
[290/801    0s] WriteText Library/Bee/artifacts/1300b0aEDbg.dag/Unity.InternalAPIEditorBridge.013.UnityAdditionalFile.txt
[291/801    0s] WriteText Library/Bee/artifacts/1300b0aEDbg.dag/Unity.Addressables.Editor.rsp
[292/801    0s] WriteText Library/Bee/artifacts/1300b0aEDbg.dag/Unity.Timeline.dll.mvfrm.rsp
[293/801    0s] WriteText Library/Bee/artifacts/1300b0aEDbg.dag/Unity.Localization.rsp
[294/801    0s] WriteText Library/Bee/artifacts/1300b0aEDbg.dag/Unity.XR.Interaction.Toolkit.rsp
[295/801    0s] WriteText Library/Bee/artifacts/1300b0aEDbg.dag/Unity.XR.Interaction.Toolkit.dll.mvfrm.rsp
[296/801    0s] WriteText Library/Bee/artifacts/1300b0aEDbg.dag/UnityEngine.Purchasing.Codeless.rsp
[297/801    0s] WriteText Library/Bee/artifacts/1300b0aEDbg.dag/Unity.Timeline.rsp
[298/801    0s] WriteText Library/Bee/artifacts/1300b0aEDbg.dag/Unity.InternalAPIEditorBridge.013.dll.mvfrm.rsp
[299/801    0s] WriteText Library/Bee/artifacts/1300b0aEDbg.dag/Unity.AI.Navigation.Editor.rsp
[300/801    0s] WriteText Library/Bee/artifacts/1300b0aEDbg.dag/Unity.InternalAPIEditorBridge.013.rsp
[301/801    0s] WriteText Library/Bee/artifacts/1300b0aEDbg.dag/Unity.Services.Core.Analytics.UnityAdditionalFile.txt
[302/801    0s] WriteText Library/Bee/artifacts/1300b0aEDbg.dag/Unity.PlasticSCM.Editor.rsp2
[303/801    0s] WriteText Library/Bee/artifacts/1300b0aEDbg.dag/Unity.Services.Core.Analytics.rsp2
[304/801    0s] WriteText Library/Bee/artifacts/1300b0aEDbg.dag/Unity.VisualStudio.Editor.rsp2
[305/801    0s] WriteText Library/Bee/artifacts/1300b0aEDbg.dag/Unity.2D.Sprite.Editor.rsp2
[306/801    0s] WriteText Library/Bee/artifacts/1300b0aEDbg.dag/Unity.2D.Sprite.Editor.UnityAdditionalFile.txt
[307/801    0s] WriteText Library/Bee/artifacts/1300b0aEDbg.dag/Unity.Timeline.Editor.UnityAdditionalFile.txt
[308/801    0s] WriteText Library/Bee/artifacts/1300b0aEDbg.dag/Unity.2D.Tilemap.Editor.UnityAdditionalFile.txt
[309/801    0s] WriteText Library/Bee/artifacts/1300b0aEDbg.dag/Unity.PlasticSCM.Editor.dll.mvfrm.rsp
[310/801    0s] WriteText Library/Bee/artifacts/1300b0aEDbg.dag/Unity.InputSystem.ForUI.rsp2
[311/801    0s] WriteText Library/Bee/artifacts/1300b0aEDbg.dag/Unity.2D.Tilemap.Editor.rsp2
[312/801    0s] WriteText Library/Bee/artifacts/1300b0aEDbg.dag/Unity.PlasticSCM.Editor.UnityAdditionalFile.txt
[313/801    0s] WriteText Library/Bee/artifacts/1300b0aEDbg.dag/Unity.Analytics.DataPrivacy.UnityAdditionalFile.txt
[314/801    0s] WriteText Library/Bee/artifacts/1300b0aEDbg.dag/Unity.AI.Navigation.Updater.rsp2
[315/801    0s] WriteText Library/Bee/artifacts/1300b0aEDbg.dag/Unity.TextMeshPro.Editor.rsp2
[316/801    0s] WriteText Library/Bee/artifacts/1300b0aEDbg.dag/Unity.AI.Navigation.Updater.UnityAdditionalFile.txt
[317/801    0s] WriteText Library/Bee/artifacts/1300b0aEDbg.dag/Unity.TextMeshPro.Editor.UnityAdditionalFile.txt
[318/801    0s] WriteText Library/Bee/artifacts/1300b0aEDbg.dag/Unity.XR.Interaction.Toolkit.Editor.UnityAdditionalFile.txt
[319/801    0s] WriteText Library/Bee/artifacts/1300b0aEDbg.dag/UnityEditor.XR.LegacyInputHelpers.UnityAdditionalFile.txt
[320/801    0s] WriteText Library/Bee/artifacts/1300b0aEDbg.dag/Unity.Analytics.DataPrivacy.rsp2
[321/801    0s] WriteText Library/Bee/artifacts/1300b0aEDbg.dag/UnityEditor.XR.LegacyInputHelpers.rsp2
[322/801    0s] WriteText Library/Bee/artifacts/1300b0aEDbg.dag/Unity.InputSystem.ForUI.UnityAdditionalFile.txt
[323/801    0s] WriteText Library/Bee/artifacts/1300b0aEDbg.dag/Unity.Localization.Editor.rsp2
[324/801    0s] WriteText Library/Bee/artifacts/1300b0aEDbg.dag/UnityEngine.Advertisements.Editor.UnityAdditionalFile.txt
[325/801    0s] WriteText Library/Bee/artifacts/1300b0aEDbg.dag/Unity.Localization.Editor.UnityAdditionalFile.txt
[326/801    0s] WriteText Library/Bee/artifacts/1300b0aEDbg.dag/UnityEngine.Advertisements.UnityAdditionalFile.txt
[327/801    0s] WriteText Library/Bee/artifacts/1300b0aEDbg.dag/Unity.XR.Management.Editor.UnityAdditionalFile.txt
[328/801    0s] WriteText Library/Bee/artifacts/1300b0aEDbg.dag/Unity.Mathematics.Editor.UnityAdditionalFile.txt
[329/801    0s] WriteText Library/Bee/artifacts/1300b0aEDbg.dag/Unity.XR.Interaction.Toolkit.Editor.rsp2
[330/801    0s] WriteText Library/Bee/artifacts/1300b0aEDbg.dag/Unity.XR.Management.Editor.rsp2
[331/801    0s] WriteText Library/Bee/artifacts/1300b0aEDbg.dag/UnityEngine.Advertisements.Editor.rsp2
[332/801    0s] WriteText Library/Bee/artifacts/1300b0aEDbg.dag/Unity.Timeline.Editor.rsp2
[333/801    0s] WriteText Library/Bee/artifacts/1300b0aEDbg.dag/Unity.VisualStudio.Editor.UnityAdditionalFile.txt
[335/801    0s] WriteText Library/Bee/artifacts/1300b0aEDbg.dag/Unity.Mathematics.Editor.rsp2
[336/801    0s] WriteText Library/Bee/artifacts/1300b0aEDbg.dag/UnityEditor.Purchasing.UnityAdditionalFile.txt
[337/801    0s] WriteText Library/Bee/artifacts/1300b0aEDbg.dag/UnityEditor.Purchasing.rsp2
[338/801    0s] WriteText Library/Bee/artifacts/1300b0aEDbg.dag/UnityEditor.SpatialTracking.UnityAdditionalFile.txt
[339/801    0s] WriteText Library/Bee/artifacts/1300b0aEDbg.dag/UnityEngine.Advertisements.rsp2
[340/801    0s] WriteText Library/Bee/artifacts/1300b0aEDbg.dag/UnityEditor.SpatialTracking.rsp2
[341/801    0s] WriteText Library/Bee/artifacts/1300b0aEDbg.dag/Unity.Rider.Editor.rsp2
[342/801    0s] WriteText Library/Bee/artifacts/1300b0aEDbg.dag/Unity.Rider.Editor.UnityAdditionalFile.txt
[343/801    0s] WriteText Library/Bee/artifacts/1300b0aEDbg.dag/Unity.Services.Core.Environments.Editor.rsp2
[344/801    0s] WriteText Library/Bee/artifacts/1300b0aEDbg.dag/Unity.Services.Core.Environments.Editor.UnityAdditionalFile.txt
[345/801    0s] WriteText Library/Bee/artifacts/1300b0aEDbg.dag/Unity.Analytics.DataPrivacy.dll.mvfrm.rsp
[346/801    0s] WriteText Library/Bee/artifacts/1300b0aEDbg.dag/Unity.2D.Tilemap.Editor.dll.mvfrm.rsp
[347/801    0s] WriteText Library/Bee/artifacts/1300b0aEDbg.dag/UnityEngine.Advertisements.Editor.dll.mvfrm.rsp
[348/801    0s] WriteText Library/Bee/artifacts/1300b0aEDbg.dag/UnityEditor.SpatialTracking.dll.mvfrm.rsp
[349/801    0s] WriteText Library/Bee/artifacts/1300b0aEDbg.dag/Unity.InputSystem.ForUI.dll.mvfrm.rsp
[350/801    0s] WriteText Library/Bee/artifacts/1300b0aEDbg.dag/Unity.XR.Management.Editor.dll.mvfrm.rsp
[351/801    0s] WriteText Library/Bee/artifacts/1300b0aEDbg.dag/Unity.Timeline.Editor.dll.mvfrm.rsp
[352/801    0s] WriteText Library/Bee/artifacts/1300b0aEDbg.dag/UnityEditor.Purchasing.dll.mvfrm.rsp
[353/801    0s] WriteText Library/Bee/artifacts/1300b0aEDbg.dag/Unity.Localization.Editor.dll.mvfrm.rsp
[354/801    0s] WriteText Library/Bee/artifacts/1300b0aEDbg.dag/Unity.VisualStudio.Editor.dll.mvfrm.rsp
[355/801    0s] WriteText Library/Bee/artifacts/1300b0aEDbg.dag/UnityEngine.Advertisements.dll.mvfrm.rsp
[356/801    0s] WriteText Library/Bee/artifacts/1300b0aEDbg.dag/UnityEditor.XR.LegacyInputHelpers.dll.mvfrm.rsp
[357/801    0s] WriteText Library/Bee/artifacts/1300b0aEDbg.dag/Unity.XR.Interaction.Toolkit.Editor.dll.mvfrm.rsp
[358/801    0s] WriteText Library/Bee/artifacts/1300b0aEDbg.dag/Unity.2D.Sprite.Editor.dll.mvfrm.rsp
[359/801    0s] WriteText Library/Bee/artifacts/1300b0aEDbg.dag/Unity.Rider.Editor.dll.mvfrm.rsp
[360/801    0s] WriteText Library/Bee/artifacts/1300b0aEDbg.dag/Unity.TextMeshPro.Editor.dll.mvfrm.rsp
[361/801    0s] WriteText Library/Bee/artifacts/1300b0aEDbg.dag/Unity.Services.Core.Analytics.dll.mvfrm.rsp
[362/801    0s] WriteText Library/Bee/artifacts/1300b0aEDbg.dag/Unity.PlasticSCM.Editor.rsp
[363/801    0s] WriteText Library/Bee/artifacts/1300b0aEDbg.dag/UnityEngine.Advertisements.rsp
[364/801    0s] WriteText Library/Bee/artifacts/1300b0aEDbg.dag/Unity.Timeline.Editor.rsp
[365/801    0s] WriteText Library/Bee/artifacts/1300b0aEDbg.dag/Unity.AI.Navigation.Updater.dll.mvfrm.rsp
[366/801    0s] WriteText Library/Bee/artifacts/1300b0aEDbg.dag/UnityEngine.Advertisements.Editor.rsp
[367/801    0s] WriteText Library/Bee/artifacts/1300b0aEDbg.dag/Unity.Mathematics.Editor.rsp
[368/801    0s] WriteText Library/Bee/artifacts/1300b0aEDbg.dag/UnityEditor.XR.LegacyInputHelpers.rsp
[369/801    0s] WriteText Library/Bee/artifacts/1300b0aEDbg.dag/UnityEditor.SpatialTracking.rsp
[370/801    0s] WriteText Library/Bee/artifacts/1300b0aEDbg.dag/Unity.Services.Core.Environments.Editor.dll.mvfrm.rsp
[371/801    0s] WriteText Library/Bee/artifacts/1300b0aEDbg.dag/Unity.Localization.Editor.rsp
[372/801    0s] WriteText Library/Bee/artifacts/1300b0aEDbg.dag/Unity.VisualStudio.Editor.rsp
[373/801    0s] WriteText Library/Bee/artifacts/1300b0aEDbg.dag/Unity.XR.Interaction.Toolkit.Editor.rsp
[374/801    0s] WriteText Library/Bee/artifacts/1300b0aEDbg.dag/Unity.InputSystem.ForUI.rsp
[375/801    0s] WriteText Library/Bee/artifacts/1300b0aEDbg.dag/Unity.Mathematics.Editor.dll.mvfrm.rsp
[376/801    0s] WriteText Library/Bee/artifacts/1300b0aEDbg.dag/Unity.Analytics.DataPrivacy.rsp
[377/801    0s] WriteText Library/Bee/artifacts/1300b0aEDbg.dag/UnityEditor.Purchasing.rsp
[378/801    0s] WriteText Library/Bee/artifacts/1300b0aEDbg.dag/Unity.TextMeshPro.Editor.rsp
[379/801    0s] WriteText Library/Bee/artifacts/1300b0aEDbg.dag/Unity.AI.Navigation.Updater.rsp
[380/801    0s] WriteText Library/Bee/artifacts/1300b0aEDbg.dag/Unity.Services.Core.Analytics.rsp
[381/801    0s] WriteText Library/Bee/artifacts/1300b0aEDbg.dag/Unity.2D.Tilemap.Editor.rsp
[382/801    0s] WriteText Library/Bee/artifacts/1300b0aEDbg.dag/Unity.2D.Sprite.Editor.rsp
[383/801    0s] WriteText Library/Bee/artifacts/1300b0aEDbg.dag/Analytics.rsp2
[384/801    0s] WriteText Library/Bee/artifacts/1300b0aEDbg.dag/Analytics.UnityAdditionalFile.txt
[385/801    0s] WriteText Library/Bee/artifacts/1300b0aEDbg.dag/Unity.Rider.Editor.rsp
[386/801    0s] WriteText Library/Bee/artifacts/1300b0aEDbg.dag/Unity.InputSystem.TestFramework.rsp2
[387/801    0s] WriteText Library/Bee/artifacts/1300b0aEDbg.dag/Analytics.rsp
[388/801    0s] WriteText Library/Bee/artifacts/1300b0aEDbg.dag/Analytics.dll.mvfrm.rsp
[389/801    0s] WriteText Library/Bee/artifacts/1300b0aEDbg.dag/Unity.Services.Core.Environments.Editor.rsp
[390/801    0s] WriteText Library/Bee/artifacts/1300b0aEDbg.dag/Assembly-CSharp.rsp2
[391/801    0s] WriteText Library/Bee/artifacts/1300b0aEDbg.dag/Assembly-CSharp.UnityAdditionalFile.txt
[392/801    0s] WriteText Library/Bee/artifacts/1300b0aEDbg.dag/Unity.InputSystem.TestFramework.UnityAdditionalFile.txt
[393/801    0s] WriteText Library/Bee/artifacts/1300b0aEDbg.dag/Unity.InputSystem.TestFramework.dll.mvfrm.rsp
[394/801    0s] WriteText Library/Bee/artifacts/1300b0aEDbg.dag/Assembly-CSharp.dll.mvfrm.rsp
[395/801    0s] WriteText Library/Bee/artifacts/1300b0aEDbg.dag/Unity.CollabProxy.Editor.UnityAdditionalFile.txt
[396/801    0s] WriteText Library/Bee/artifacts/1300b0aEDbg.dag/Unity.CollabProxy.Editor.rsp2
[397/801    0s] WriteText Library/Bee/artifacts/1300b0aEDbg.dag/Unity.XR.Management.Editor.rsp
[398/801    0s] WriteText Library/Bee/artifacts/1300b0aEDbg.dag/Unity.Services.Analytics.Editor.rsp2
[399/801    0s] WriteText Library/Bee/artifacts/1300b0aEDbg.dag/Unity.Services.Analytics.Editor.dll.mvfrm.rsp
[400/801    0s] WriteText Library/Bee/artifacts/1300b0aEDbg.dag/Unity.Addressables.Editor.Tests.DocExampleCode.UnityAdditionalFile.txt
[401/801    0s] WriteText Library/Bee/artifacts/1300b0aEDbg.dag/Unity.Addressables.Editor.Tests.DocExampleCode.rsp2
[402/801    0s] WriteText Library/Bee/artifacts/1300b0aEDbg.dag/UnityEngine.Advertisements.DevX.Editor.rsp2
[403/801    0s] WriteText Library/Bee/artifacts/1300b0aEDbg.dag/UnityEngine.Advertisements.DevX.Editor.UnityAdditionalFile.txt
[404/801    0s] WriteText Library/Bee/artifacts/1300b0aEDbg.dag/UnityEngine.Advertisements.DevX.Editor.dll.mvfrm.rsp
[405/801    0s] WriteText Library/Bee/artifacts/1300b0aEDbg.dag/Unity.Services.Analytics.Editor.UnityAdditionalFile.txt
[406/801    0s] WriteText Library/Bee/artifacts/1300b0aEDbg.dag/Unity.Addressables.Editor.Tests.DocExampleCode.dll.mvfrm.rsp
[407/801    0s] WriteText Library/Bee/artifacts/1300b0aEDbg.dag/Assembly-CSharp.rsp
[408/801    0s] WriteText Library/Bee/artifacts/1300b0aEDbg.dag/Unity.InputSystem.TestFramework.rsp
[409/801    0s] WriteText Library/Bee/artifacts/1300b0aEDbg.dag/Unity.Services.Analytics.Editor.rsp
[410/801    0s] WriteText Library/Bee/artifacts/1300b0aEDbg.dag/Unity.CollabProxy.Editor.dll.mvfrm.rsp
[411/801    0s] WriteText Library/Bee/artifacts/1300b0aEDbg.dag/UnityEngine.Advertisements.DevX.Editor.rsp
[412/801    0s] WriteText Library/Bee/artifacts/1300b0aEDbg.dag/Unity.CollabProxy.Editor.rsp
[413/801    0s] WriteText Library/Bee/artifacts/1300b0aEDbg.dag/Unity.Addressables.Editor.Tests.DocExampleCode.rsp
[414/801    0s] MovedFromExtractorCombine Library/Bee/artifacts/1300b0aEDbg.dag/UnityEngine.TestRunner.dll.mvfrm
[415/801    0s] MovedFromExtractorCombine Library/Bee/artifacts/1300b0aEDbg.dag/UnityEngine.UI.dll.mvfrm
[415/801    0s] Csc Library/Bee/artifacts/1300b0aEDbg.dag/UnityEngine.UI.dll (+2 others) [CacheHit a007c461d6020ec68a52fdba0244144b00000000000000000000000000000003]
[416/801   1783882479s] Csc Library/Bee/artifacts/1300b0aEDbg.dag/UnityEngine.UI.dll (+2 others)
[418/801    0s] CopyFiles Library/ScriptAssemblies/UnityEngine.UI.pdb
[419/801    0s] CopyFiles Library/ScriptAssemblies/UnityEngine.UI.dll
[420/801    0s] MovedFromExtractor Library/Bee/artifacts/mvdfrm/UnityEngine.UI.ref.dll_98027424E2154AC3.mvfrm
[421/801    0s] Csc Library/Bee/artifacts/1300b0aEDbg.dag/UnityEngine.TestRunner.dll (+2 others)
[           0s] Csc Library/Bee/artifacts/1300b0aEDbg.dag/UnityEngine.TestRunner.dll (+2 others) [CacheWrite 00000000000000000000000000000003]
[422/801    0s] CopyFiles Library/ScriptAssemblies/UnityEngine.TestRunner.pdb
[423/801    0s] CopyFiles Library/ScriptAssemblies/UnityEngine.TestRunner.dll
[424/801    0s] MovedFromExtractor Library/Bee/artifacts/mvdfrm/UnityEngine.TestRunner.ref.dll_DE5514ADFF521C81.mvfrm
[425/801    0s] MovedFromExtractorCombine Library/Bee/artifacts/1300b0aEDbg.dag/UnityEditor.TestRunner.dll.mvfrm
[426/801    0s] Csc Library/Bee/artifacts/1300b0aEDbg.dag/UnityEditor.TestRunner.dll (+2 others)
[           0s] Csc Library/Bee/artifacts/1300b0aEDbg.dag/UnityEditor.TestRunner.dll (+2 others) [CacheWrite 00000000000000000000000000000003]
[427/801    0s] CopyFiles Library/ScriptAssemblies/UnityEditor.TestRunner.pdb
[428/801    0s] MovedFromExtractor Library/Bee/artifacts/mvdfrm/UnityEditor.TestRunner.ref.dll_1236C9FFD38EBE96.mvfrm
[429/801    0s] CopyFiles Library/ScriptAssemblies/UnityEditor.TestRunner.dll
[430/801    0s] MovedFromExtractorCombine Library/Bee/artifacts/1300b0aEDbg.dag/UnityEditor.UI.dll.mvfrm
[429/801    0s] Csc Library/Bee/artifacts/1300b0aEDbg.dag/UnityEditor.UI.dll (+2 others) [CacheHit 3f7325362fbc1cbc223a37c49f0cfa9000000000000000000000000000000003]
[431/801   1783882482s] Csc Library/Bee/artifacts/1300b0aEDbg.dag/UnityEditor.UI.dll (+2 others)
[433/801    0s] CopyFiles Library/ScriptAssemblies/UnityEditor.UI.pdb
[434/801    0s] MovedFromExtractor Library/Bee/artifacts/mvdfrm/UnityEditor.UI.ref.dll_DB9C9DC9DBF32258.mvfrm
[435/801    0s] MovedFromExtractorCombine Library/Bee/artifacts/1300b0aEDbg.dag/Unity.TextMeshPro.dll.mvfrm
[436/801    0s] MovedFromExtractorCombine Library/Bee/artifacts/1300b0aEDbg.dag/Unity.Timeline.dll.mvfrm
[437/801    0s] MovedFromExtractorCombine Library/Bee/artifacts/1300b0aEDbg.dag/Unity.AI.Navigation.dll.mvfrm
[438/801    0s] MovedFromExtractorCombine Library/Bee/artifacts/1300b0aEDbg.dag/Unity.Mathematics.dll.mvfrm
[439/801    0s] MovedFromExtractorCombine Library/Bee/artifacts/1300b0aEDbg.dag/Unity.XR.Management.dll.mvfrm
[440/801    0s] MovedFromExtractorCombine Library/Bee/artifacts/1300b0aEDbg.dag/Unity.Services.Core.dll.mvfrm
[441/801    0s] MovedFromExtractorCombine Library/Bee/artifacts/1300b0aEDbg.dag/Unity.ResourceManager.dll.mvfrm
[442/801    0s] MovedFromExtractorCombine Library/Bee/artifacts/1300b0aEDbg.dag/Unity.InternalAPIEngineBridge.013.dll.mvfrm
[443/801    0s] MovedFromExtractorCombine Library/Bee/artifacts/1300b0aEDbg.dag/Unity.ScriptableBuildPipeline.dll.mvfrm
[444/801    0s] MovedFromExtractorCombine Library/Bee/artifacts/1300b0aEDbg.dag/UnityEngine.Purchasing.AppleCore.dll.mvfrm
[445/801    0s] MovedFromExtractorCombine Library/Bee/artifacts/1300b0aEDbg.dag/Unity.AI.Navigation.Editor.ConversionSystem.dll.mvfrm
[446/801    0s] MovedFromExtractorCombine Library/Bee/artifacts/1300b0aEDbg.dag/UnityEngine.Purchasing.WinRTCore.dll.mvfrm
[447/801    0s] MovedFromExtractorCombine Library/Bee/artifacts/1300b0aEDbg.dag/UnityEngine.Purchasing.SecurityCore.dll.mvfrm
[448/801    0s] MovedFromExtractorCombine Library/Bee/artifacts/1300b0aEDbg.dag/Unity.InputSystem.dll.mvfrm
[449/801    0s] MovedFromExtractorCombine Library/Bee/artifacts/1300b0aEDbg.dag/UnityEngine.SpatialTracking.dll.mvfrm
[450/801    0s] CopyFiles Library/ScriptAssemblies/UnityEditor.UI.dll
[448/801    0s] Csc Library/Bee/artifacts/1300b0aEDbg.dag/Unity.Timeline.dll (+2 others) [CacheHit 967e6ad16955ee046daaa32c0f3036be00000000000000000000000000000003]
[451/801   1783882483s] Csc Library/Bee/artifacts/1300b0aEDbg.dag/Unity.Timeline.dll (+2 others)
[449/801    0s] Csc Library/Bee/artifacts/1300b0aEDbg.dag/Unity.AI.Navigation.dll (+2 others) [CacheHit bd6fafab61ed887b89ee9c12a329328300000000000000000000000000000003]
[453/801   1783882483s] Csc Library/Bee/artifacts/1300b0aEDbg.dag/Unity.AI.Navigation.dll (+2 others)
[450/801    0s] Csc Library/Bee/artifacts/1300b0aEDbg.dag/Unity.TextMeshPro.dll (+2 others) [CacheHit e68f607a6394695bf2b8fbde4839a85100000000000000000000000000000003]
[455/801   1783882483s] Csc Library/Bee/artifacts/1300b0aEDbg.dag/Unity.TextMeshPro.dll (+2 others)
[451/801    0s] Csc Library/Bee/artifacts/1300b0aEDbg.dag/Unity.Mathematics.dll (+2 others) [CacheHit 4670474d31440649858eb2d999e6e9d700000000000000000000000000000003]
[457/801   1783882483s] Csc Library/Bee/artifacts/1300b0aEDbg.dag/Unity.Mathematics.dll (+2 others)
[452/801    0s] Csc Library/Bee/artifacts/1300b0aEDbg.dag/Unity.Services.Core.dll (+2 others) [CacheHit 653590b776e15e08625d7ecbbce2f46100000000000000000000000000000003]
[459/801   1783882483s] Csc Library/Bee/artifacts/1300b0aEDbg.dag/Unity.Services.Core.dll (+2 others)
[453/801    0s] Csc Library/Bee/artifacts/1300b0aEDbg.dag/Unity.ResourceManager.dll (+2 others) [CacheHit babcc00801cc3b0cc646d1e43a29e33600000000000000000000000000000003]
[461/801   1783882483s] Csc Library/Bee/artifacts/1300b0aEDbg.dag/Unity.ResourceManager.dll (+2 others)
[454/801    0s] Csc Library/Bee/artifacts/1300b0aEDbg.dag/Unity.InternalAPIEngineBridge.013.dll (+2 others) [CacheHit 50df18e52b7801e38dde3fcaed8c1f8a00000000000000000000000000000003]
[463/801   1783882483s] Csc Library/Bee/artifacts/1300b0aEDbg.dag/Unity.InternalAPIEngineBridge.013.dll (+2 others)
[455/801    0s] Csc Library/Bee/artifacts/1300b0aEDbg.dag/Unity.XR.Management.dll (+2 others) [CacheHit a8bfc4a3608b1f7a8ced1cb9849cd59b00000000000000000000000000000003]
[465/801   1783882483s] Csc Library/Bee/artifacts/1300b0aEDbg.dag/Unity.XR.Management.dll (+2 others)
[456/801    0s] Csc Library/Bee/artifacts/1300b0aEDbg.dag/Unity.ScriptableBuildPipeline.dll (+2 others) [CacheHit 5b96c440a66ab17a57132f215fc7b91700000000000000000000000000000003]
[467/801   1783882483s] Csc Library/Bee/artifacts/1300b0aEDbg.dag/Unity.ScriptableBuildPipeline.dll (+2 others)
[457/801    0s] Csc Library/Bee/artifacts/1300b0aEDbg.dag/Unity.AI.Navigation.Editor.ConversionSystem.dll (+2 others) [CacheHit 68dc30fef50d31f29ad49bf6b1d2b2f600000000000000000000000000000003]
[469/801   1783882483s] Csc Library/Bee/artifacts/1300b0aEDbg.dag/Unity.AI.Navigation.Editor.ConversionSystem.dll (+2 others)
[458/801    0s] Csc Library/Bee/artifacts/1300b0aEDbg.dag/Unity.InputSystem.dll (+2 others) [CacheHit 5de0638b3ad93c4072150bcde36b4ea900000000000000000000000000000003]
[471/801   1783882483s] Csc Library/Bee/artifacts/1300b0aEDbg.dag/Unity.InputSystem.dll (+2 others)
[459/801    0s] Csc Library/Bee/artifacts/1300b0aEDbg.dag/UnityEngine.SpatialTracking.dll (+2 others) [CacheHit 4f611eb2e8c80a03975f03d0a444ca0a00000000000000000000000000000003]
[473/801   1783882483s] Csc Library/Bee/artifacts/1300b0aEDbg.dag/UnityEngine.SpatialTracking.dll (+2 others)
[460/801    0s] Csc Library/Bee/artifacts/1300b0aEDbg.dag/UnityEngine.Purchasing.SecurityCore.dll (+2 others) [CacheHit 6ce4d99ed192d76e273dc9e94b7a8f5d00000000000000000000000000000003]
[475/801   1783882483s] Csc Library/Bee/artifacts/1300b0aEDbg.dag/UnityEngine.Purchasing.SecurityCore.dll (+2 others)
[461/801    0s] Csc Library/Bee/artifacts/1300b0aEDbg.dag/UnityEngine.Purchasing.WinRTCore.dll (+2 others) [CacheHit b62cc19d25d87a271156fe02a1d2d1d300000000000000000000000000000003]
[477/801   1783882483s] Csc Library/Bee/artifacts/1300b0aEDbg.dag/UnityEngine.Purchasing.WinRTCore.dll (+2 others)
[479/801    0s] MovedFromExtractorCombine Library/Bee/artifacts/1300b0aEDbg.dag/Unity.InternalAPIEditorBridge.013.dll.mvfrm
[480/801    0s] MovedFromExtractor Library/Bee/artifacts/mvdfrm/Unity.AI.Navigation.ref.dll_DC846E81200A473F.mvfrm
[481/801    0s] MovedFromExtractor Library/Bee/artifacts/mvdfrm/Unity.Timeline.ref.dll_F120A7CC9CFB2CF2.mvfrm
[482/801    0s] MovedFromExtractor Library/Bee/artifacts/mvdfrm/Unity.XR.Management.ref.dll_DC51283E3E10157C.mvfrm
[483/801    0s] MovedFromExtractor Library/Bee/artifacts/mvdfrm/Unity.ResourceManager.ref.dll_127027D12DC0C894.mvfrm
[484/801    0s] MovedFromExtractorCombine Library/Bee/artifacts/1300b0aEDbg.dag/Unity.PlasticSCM.Editor.dll.mvfrm
[485/801    0s] MovedFromExtractor Library/Bee/artifacts/mvdfrm/Unity.TextMeshPro.ref.dll_4A5B02DEDB940168.mvfrm
[486/801    0s] MovedFromExtractor Library/Bee/artifacts/mvdfrm/Unity.ScriptableBuildPipeline.ref.dll_0672758D12A62160.mvfrm
[487/801    0s] MovedFromExtractor Library/Bee/artifacts/mvdfrm/Unity.AI.Navigation.Editor.ConversionSystem.ref.dll_DF4EB219DB1F4267.mvfrm
[471/801    0s] Csc Library/Bee/artifacts/1300b0aEDbg.dag/Unity.InternalAPIEditorBridge.013.dll (+2 others) [CacheHit 561c9329abcff8866ff92fc8f94e089100000000000000000000000000000003]
[488/801   1783882483s] Csc Library/Bee/artifacts/1300b0aEDbg.dag/Unity.InternalAPIEditorBridge.013.dll (+2 others)
[490/801    0s] MovedFromExtractor Library/Bee/artifacts/mvdfrm/Unity.InternalAPIEngineBridge.013.ref.dll_6937524EFA2175E1.mvfrm
[491/801    0s] MovedFromExtractor Library/Bee/artifacts/mvdfrm/UnityEngine.Purchasing.WinRTCore.ref.dll_40CCF315B12284FC.mvfrm
[492/801    0s] MovedFromExtractor Library/Bee/artifacts/mvdfrm/Unity.Services.Core.ref.dll_AF203140D634E744.mvfrm
[493/801    0s] MovedFromExtractor Library/Bee/artifacts/mvdfrm/Unity.Mathematics.ref.dll_AEA6B4BCAB1E95DB.mvfrm
[494/801    0s] MovedFromExtractor Library/Bee/artifacts/mvdfrm/Unity.InputSystem.ref.dll_C2E5A21D32AE5F0E.mvfrm
[495/801    0s] MovedFromExtractor Library/Bee/artifacts/mvdfrm/UnityEngine.Purchasing.SecurityCore.ref.dll_4E0B390ED86C0806.mvfrm
[496/801    0s] MovedFromExtractor Library/Bee/artifacts/mvdfrm/UnityEngine.SpatialTracking.ref.dll_F98983CE8439AFC2.mvfrm
[497/801    0s] MovedFromExtractorCombine Library/Bee/artifacts/1300b0aEDbg.dag/Unity.Addressables.dll.mvfrm
[498/801    0s] MovedFromExtractorCombine Library/Bee/artifacts/1300b0aEDbg.dag/Unity.TextMeshPro.Editor.dll.mvfrm
[499/801    0s] MovedFromExtractorCombine Library/Bee/artifacts/1300b0aEDbg.dag/Unity.Analytics.DataPrivacy.dll.mvfrm
[500/801    0s] MovedFromExtractorCombine Library/Bee/artifacts/1300b0aEDbg.dag/Unity.AI.Navigation.Editor.dll.mvfrm
[501/801    0s] MovedFromExtractorCombine Library/Bee/artifacts/1300b0aEDbg.dag/Unity.Timeline.Editor.dll.mvfrm
[502/801    0s] MovedFromExtractorCombine Library/Bee/artifacts/1300b0aEDbg.dag/Unity.ScriptableBuildPipeline.Editor.dll.mvfrm
[503/801    0s] MovedFromExtractorCombine Library/Bee/artifacts/1300b0aEDbg.dag/Unity.2D.Sprite.Editor.dll.mvfrm
[504/801    0s] MovedFromExtractorCombine Library/Bee/artifacts/1300b0aEDbg.dag/Unity.Rider.Editor.dll.mvfrm
[505/801    0s] MovedFromExtractorCombine Library/Bee/artifacts/1300b0aEDbg.dag/UnityEngine.Purchasing.WinRTStub.dll.mvfrm
[506/801    0s] MovedFromExtractorCombine Library/Bee/artifacts/1300b0aEDbg.dag/Unity.Services.Core.Internal.dll.mvfrm
[507/801    0s] MovedFromExtractorCombine Library/Bee/artifacts/1300b0aEDbg.dag/Unity.Mathematics.Editor.dll.mvfrm
[490/801    0s] Csc Library/Bee/artifacts/1300b0aEDbg.dag/Unity.AI.Navigation.Editor.dll (+2 others) [CacheHit 98f903f5853e3269fe5f7e25942dffc500000000000000000000000000000003]
[508/801   1783882484s] Csc Library/Bee/artifacts/1300b0aEDbg.dag/Unity.AI.Navigation.Editor.dll (+2 others)
[491/801    0s] Csc Library/Bee/artifacts/1300b0aEDbg.dag/Unity.Addressables.dll (+2 others) [CacheHit 7f51cd109a610aaed63f1b9ce472854d00000000000000000000000000000003]
[510/801   1783882484s] Csc Library/Bee/artifacts/1300b0aEDbg.dag/Unity.Addressables.dll (+2 others)
[512/801    0s] MovedFromExtractorCombine Library/Bee/artifacts/1300b0aEDbg.dag/Unity.InputSystem.ForUI.dll.mvfrm
[513/801    0s] MovedFromExtractorCombine Library/Bee/artifacts/1300b0aEDbg.dag/Unity.XR.CoreUtils.dll.mvfrm
[514/801    0s] MovedFromExtractor Library/Bee/artifacts/mvdfrm/Unity.InternalAPIEditorBridge.013.ref.dll_76BC99A495128E9C.mvfrm
[495/801    0s] Csc Library/Bee/artifacts/1300b0aEDbg.dag/Unity.ScriptableBuildPipeline.Editor.dll (+2 others) [CacheHit edc16af27301323c9e6a94219366c5f600000000000000000000000000000003]
[515/801   1783882484s] Csc Library/Bee/artifacts/1300b0aEDbg.dag/Unity.ScriptableBuildPipeline.Editor.dll (+2 others)
[496/801    0s] Csc Library/Bee/artifacts/1300b0aEDbg.dag/UnityEngine.Purchasing.WinRTStub.dll (+2 others) [CacheHit b6847d3dda7db2ee824fe3c1b51aab4300000000000000000000000000000003]
[517/801   1783882484s] Csc Library/Bee/artifacts/1300b0aEDbg.dag/UnityEngine.Purchasing.WinRTStub.dll (+2 others)
[519/801    0s] MovedFromExtractorCombine Library/Bee/artifacts/1300b0aEDbg.dag/UnityEngine.Purchasing.SecurityStub.dll.mvfrm
[498/801    0s] Csc Library/Bee/artifacts/1300b0aEDbg.dag/Unity.Services.Core.Internal.dll (+2 others) [CacheHit 4c16050ef9b5c6f79c3860b6347076ff00000000000000000000000000000003]
[520/801   1783882484s] Csc Library/Bee/artifacts/1300b0aEDbg.dag/Unity.Services.Core.Internal.dll (+2 others)
[522/801    0s] MovedFromExtractorCombine Library/Bee/artifacts/1300b0aEDbg.dag/UnityEngine.XR.LegacyInputHelpers.dll.mvfrm
[523/801    0s] MovedFromExtractorCombine Library/Bee/artifacts/1300b0aEDbg.dag/UnityEditor.SpatialTracking.dll.mvfrm
[524/801    0s] MovedFromExtractorCombine Library/Bee/artifacts/1300b0aEDbg.dag/UnityEngine.Advertisements.dll.mvfrm
[525/801    0s] MovedFromExtractorCombine Library/Bee/artifacts/1300b0aEDbg.dag/UnityEngine.Advertisements.Editor.dll.mvfrm
[503/801    0s] Csc Library/Bee/artifacts/1300b0aEDbg.dag/Unity.InputSystem.ForUI.dll (+2 others) [CacheHit e9f40a7f20c4905e7218e8dfefc436c500000000000000000000000000000003]
[526/801   1783882484s] Csc Library/Bee/artifacts/1300b0aEDbg.dag/Unity.InputSystem.ForUI.dll (+2 others)
[528/801    0s] MovedFromExtractorCombine Library/Bee/artifacts/1300b0aEDbg.dag/Unity.Services.Core.Analytics.dll.mvfrm
[505/801    0s] Csc Library/Bee/artifacts/1300b0aEDbg.dag/Unity.XR.CoreUtils.dll (+2 others) [CacheHit 77742e9ecfbb00f76ed0eca1dc499df500000000000000000000000000000003]
[529/801   1783882484s] Csc Library/Bee/artifacts/1300b0aEDbg.dag/Unity.XR.CoreUtils.dll (+2 others)
[531/801    0s] MovedFromExtractorCombine Library/Bee/artifacts/1300b0aEDbg.dag/Unity.VisualStudio.Editor.dll.mvfrm
[506/801    0s] Csc Library/Bee/artifacts/1300b0aEDbg.dag/UnityEngine.XR.LegacyInputHelpers.dll (+2 others) [CacheHit c5f54e017fa4c90010f703e4862ad57c00000000000000000000000000000003]
[532/801   1783882484s] Csc Library/Bee/artifacts/1300b0aEDbg.dag/UnityEngine.XR.LegacyInputHelpers.dll (+2 others)
[534/801    0s] MovedFromExtractorCombine Library/Bee/artifacts/1300b0aEDbg.dag/Unity.2D.Tilemap.Editor.dll.mvfrm
[509/801    0s] Csc Library/Bee/artifacts/1300b0aEDbg.dag/UnityEditor.SpatialTracking.dll (+2 others) [CacheHit 7d809d25726c4250c3e6c01c4eead61a00000000000000000000000000000003]
[535/801   1783882484s] Csc Library/Bee/artifacts/1300b0aEDbg.dag/UnityEditor.SpatialTracking.dll (+2 others)
[510/801    0s] Csc Library/Bee/artifacts/1300b0aEDbg.dag/UnityEngine.Purchasing.SecurityStub.dll (+2 others) [CacheHit 15d5af1a93ac1f1ed69de1a70170fc3d00000000000000000000000000000003]
[537/801   1783882484s] Csc Library/Bee/artifacts/1300b0aEDbg.dag/UnityEngine.Purchasing.SecurityStub.dll (+2 others)
[511/801    0s] Csc Library/Bee/artifacts/1300b0aEDbg.dag/UnityEngine.Advertisements.Editor.dll (+2 others) [CacheHit 89b0fa4869d4d7457ccd6fc7cb0a8bb500000000000000000000000000000003]
[539/801   1783882484s] Csc Library/Bee/artifacts/1300b0aEDbg.dag/UnityEngine.Advertisements.Editor.dll (+2 others)
[512/801    0s] Csc Library/Bee/artifacts/1300b0aEDbg.dag/Unity.2D.Sprite.Editor.dll (+2 others) [CacheHit cdc57b4c3a84bec927ba86433b014d1a00000000000000000000000000000003]
[541/801   1783882484s] Csc Library/Bee/artifacts/1300b0aEDbg.dag/Unity.2D.Sprite.Editor.dll (+2 others)
[513/801    0s] Csc Library/Bee/artifacts/1300b0aEDbg.dag/UnityEngine.Advertisements.dll (+2 others) [CacheHit d80774c3d85907db7a7f5750317d7c8800000000000000000000000000000003]
[543/801   1783882484s] Csc Library/Bee/artifacts/1300b0aEDbg.dag/UnityEngine.Advertisements.dll (+2 others)
[514/801    0s] Csc Library/Bee/artifacts/1300b0aEDbg.dag/Unity.Services.Core.Analytics.dll (+2 others) [CacheHit 3cffec1531a997aa8f3f0fdc9604625500000000000000000000000000000003]
[545/801   1783882484s] Csc Library/Bee/artifacts/1300b0aEDbg.dag/Unity.Services.Core.Analytics.dll (+2 others)
[515/801    0s] Csc Library/Bee/artifacts/1300b0aEDbg.dag/Unity.2D.Tilemap.Editor.dll (+2 others) [CacheHit 66c131e9237f877007b5139c4dda3a9600000000000000000000000000000003]
[547/801   1783882484s] Csc Library/Bee/artifacts/1300b0aEDbg.dag/Unity.2D.Tilemap.Editor.dll (+2 others)
[549/801    0s] MovedFromExtractor Library/Bee/artifacts/mvdfrm/Unity.AI.Navigation.Editor.ref.dll_AF82163FD01A1962.mvfrm
[517/801    0s] Csc Library/Bee/artifacts/1300b0aEDbg.dag/Unity.Analytics.DataPrivacy.dll (+2 others) [CacheHit 384701566396dfe5b69d3a55d2438bcc00000000000000000000000000000003]
[550/801   1783882484s] Csc Library/Bee/artifacts/1300b0aEDbg.dag/Unity.Analytics.DataPrivacy.dll (+2 others)
[552/801    0s] MovedFromExtractor Library/Bee/artifacts/mvdfrm/Unity.Addressables.ref.dll_6016DAA147137B86.mvfrm
[553/801    0s] MovedFromExtractor Library/Bee/artifacts/mvdfrm/UnityEngine.Purchasing.WinRTStub.ref.dll_8BF3B809548F403B.mvfrm
[520/801    0s] Csc Library/Bee/artifacts/1300b0aEDbg.dag/Unity.Timeline.Editor.dll (+2 others) [CacheHit 7e9d92eb095ad4f2e8195d854d47e9a600000000000000000000000000000003]
[554/801   1783882485s] Csc Library/Bee/artifacts/1300b0aEDbg.dag/Unity.Timeline.Editor.dll (+2 others)
[521/801    0s] Csc Library/Bee/artifacts/1300b0aEDbg.dag/Unity.TextMeshPro.Editor.dll (+2 others) [CacheHit 414edbb2dd0115231f737633009428ed00000000000000000000000000000003]
[556/801   1783882485s] Csc Library/Bee/artifacts/1300b0aEDbg.dag/Unity.TextMeshPro.Editor.dll (+2 others)
[558/801    0s] MovedFromExtractor Library/Bee/artifacts/mvdfrm/Unity.ScriptableBuildPipeline.Editor.ref.dll_8694608BD7271C51.mvfrm
[559/801    0s] MovedFromExtractor Library/Bee/artifacts/mvdfrm/Unity.Services.Core.Internal.ref.dll_261579A671BD170D.mvfrm
[524/801    0s] Csc Library/Bee/artifacts/1300b0aEDbg.dag/Unity.Mathematics.Editor.dll (+2 others) [CacheHit 9796bdf55f9b1072e30df1644fbedc0100000000000000000000000000000003]
[560/801   1783882485s] Csc Library/Bee/artifacts/1300b0aEDbg.dag/Unity.Mathematics.Editor.dll (+2 others)
[562/801    0s] MovedFromExtractor Library/Bee/artifacts/mvdfrm/Unity.XR.CoreUtils.ref.dll_B3DE46F2110A6A1F.mvfrm
[563/801    0s] MovedFromExtractor Library/Bee/artifacts/mvdfrm/UnityEngine.Purchasing.SecurityStub.ref.dll_9931FE027BD8C345.mvfrm
[564/801    0s] MovedFromExtractorCombine Library/Bee/artifacts/1300b0aEDbg.dag/Unity.AI.Navigation.Updater.dll.mvfrm
[565/801    0s] MovedFromExtractor Library/Bee/artifacts/mvdfrm/UnityEngine.XR.LegacyInputHelpers.ref.dll_0E0A7308CE0E1B0F.mvfrm
[566/801    0s] MovedFromExtractorCombine Library/Bee/artifacts/1300b0aEDbg.dag/Analytics.dll.mvfrm
[567/801    0s] MovedFromExtractorCombine Library/Bee/artifacts/1300b0aEDbg.dag/Unity.Services.Core.Environments.dll.mvfrm
[568/801    0s] MovedFromExtractorCombine Library/Bee/artifacts/1300b0aEDbg.dag/Unity.Localization.dll.mvfrm
[569/801    0s] MovedFromExtractor Library/Bee/artifacts/mvdfrm/UnityEngine.Advertisements.ref.dll_6844668412CB4A8D.mvfrm
[570/801    0s] MovedFromExtractorCombine Library/Bee/artifacts/1300b0aEDbg.dag/Unity.Addressables.Editor.dll.mvfrm
[571/801    0s] MovedFromExtractorCombine Library/Bee/artifacts/1300b0aEDbg.dag/Purchasing.Common.dll.mvfrm
[572/801    0s] MovedFromExtractor Library/Bee/artifacts/mvdfrm/Unity.Analytics.DataPrivacy.ref.dll_98829C7ADD6FCA8B.mvfrm
[573/801    0s] MovedFromExtractor Library/Bee/artifacts/mvdfrm/Unity.TextMeshPro.Editor.ref.dll_EEDCF50BDD4614C9.mvfrm
[574/801    0s] MovedFromExtractor Library/Bee/artifacts/mvdfrm/Unity.Timeline.Editor.ref.dll_C8BF959B21FAAFDF.mvfrm
[575/801    0s] MovedFromExtractorCombine Library/Bee/artifacts/1300b0aEDbg.dag/Unity.Services.Analytics.dll.mvfrm
[576/801    0s] MovedFromExtractorCombine Library/Bee/artifacts/1300b0aEDbg.dag/Unity.Services.Core.Configuration.dll.mvfrm
[540/801    0s] Csc Library/Bee/artifacts/1300b0aEDbg.dag/Unity.Services.Core.Environments.dll (+2 others) [CacheHit 5ef21bb73fd04631725cac3b68c6696e00000000000000000000000000000003]
[577/801   1783882485s] Csc Library/Bee/artifacts/1300b0aEDbg.dag/Unity.Services.Core.Environments.dll (+2 others)
[579/801    0s] MovedFromExtractorCombine Library/Bee/artifacts/1300b0aEDbg.dag/Unity.Services.Core.Telemetry.dll.mvfrm
[580/801    0s] MovedFromExtractorCombine Library/Bee/artifacts/1300b0aEDbg.dag/Unity.Services.Core.Scheduler.dll.mvfrm
[543/801    0s] Csc Library/Bee/artifacts/1300b0aEDbg.dag/Purchasing.Common.dll (+2 others) [CacheHit 31c197b59c4cc2770a9360e10c37883d00000000000000000000000000000003]
[581/801   1783882485s] Csc Library/Bee/artifacts/1300b0aEDbg.dag/Purchasing.Common.dll (+2 others)
[544/801    0s] Csc Library/Bee/artifacts/1300b0aEDbg.dag/Unity.Addressables.Editor.dll (+2 others) [CacheHit 42b1760f5b5c1df74a83ea3d771ba7a500000000000000000000000000000003]
[583/801   1783882485s] Csc Library/Bee/artifacts/1300b0aEDbg.dag/Unity.Addressables.Editor.dll (+2 others)
[545/801    0s] Csc Library/Bee/artifacts/1300b0aEDbg.dag/Unity.Services.Core.Configuration.dll (+2 others) [CacheHit 609adcfe74f5013d2598164b86f1928900000000000000000000000000000003]
[585/801   1783882485s] Csc Library/Bee/artifacts/1300b0aEDbg.dag/Unity.Services.Core.Configuration.dll (+2 others)
[587/801    0s] MovedFromExtractorCombine Library/Bee/artifacts/1300b0aEDbg.dag/Unity.Services.Core.Threading.dll.mvfrm
[588/801    0s] MovedFromExtractorCombine Library/Bee/artifacts/1300b0aEDbg.dag/Unity.Services.Core.Device.dll.mvfrm
[589/801    0s] MovedFromExtractorCombine Library/Bee/artifacts/1300b0aEDbg.dag/Unity.Services.Core.Networking.dll.mvfrm
[549/801    0s] Csc Library/Bee/artifacts/1300b0aEDbg.dag/Unity.Services.Core.Telemetry.dll (+2 others) [CacheHit 5c05f2940ac125ca46eb7f2d7f8a052300000000000000000000000000000003]
[590/801   1783882485s] Csc Library/Bee/artifacts/1300b0aEDbg.dag/Unity.Services.Core.Telemetry.dll (+2 others)
[550/801    0s] Csc Library/Bee/artifacts/1300b0aEDbg.dag/Unity.Services.Core.Scheduler.dll (+2 others) [CacheHit 7c78751add3ddfa15b401749f0303d5f00000000000000000000000000000003]
[592/801   1783882485s] Csc Library/Bee/artifacts/1300b0aEDbg.dag/Unity.Services.Core.Scheduler.dll (+2 others)
[594/801    2s] Csc Library/Bee/artifacts/1300b0aEDbg.dag/Unity.PlasticSCM.Editor.dll (+2 others)
[595/801    0s] MovedFromExtractorCombine Library/Bee/artifacts/1300b0aEDbg.dag/Unity.XR.Interaction.Toolkit.dll.mvfrm
[596/801    0s] MovedFromExtractorCombine Library/Bee/artifacts/1300b0aEDbg.dag/Unity.XR.CoreUtils.Editor.dll.mvfrm
[597/801    0s] MovedFromExtractorCombine Library/Bee/artifacts/1300b0aEDbg.dag/Unity.Services.Core.Environments.Internal.dll.mvfrm
[554/801    0s] Csc Library/Bee/artifacts/1300b0aEDbg.dag/Unity.Localization.dll (+2 others) [CacheHit 2ef096a1d03fd6ae15a9fe14bc74d50d00000000000000000000000000000003]
[598/801   1783882485s] Csc Library/Bee/artifacts/1300b0aEDbg.dag/Unity.Localization.dll (+2 others)
[555/801    0s] Csc Library/Bee/artifacts/1300b0aEDbg.dag/Unity.Services.Core.Threading.dll (+2 others) [CacheHit 7d1d9c9f6751363c1a44365cbb5df7c600000000000000000000000000000003]
[600/801   1783882485s] Csc Library/Bee/artifacts/1300b0aEDbg.dag/Unity.Services.Core.Threading.dll (+2 others)
[556/801    0s] Csc Library/Bee/artifacts/1300b0aEDbg.dag/UnityEngine.Purchasing.AppleCore.dll (+2 others) [CacheHit 262d0e967d994251e4b3e04852814e9400000000000000000000000000000003]
[602/801   1783882485s] Csc Library/Bee/artifacts/1300b0aEDbg.dag/UnityEngine.Purchasing.AppleCore.dll (+2 others)
[604/801    1s] Csc Library/Bee/artifacts/1300b0aEDbg.dag/Unity.VisualStudio.Editor.dll (+2 others)
[557/801    0s] Csc Library/Bee/artifacts/1300b0aEDbg.dag/Unity.Services.Core.Networking.dll (+2 others) [CacheHit 2d97c6ee4868d11c0abdcbf678f1432200000000000000000000000000000003]
[605/801   1783882485s] Csc Library/Bee/artifacts/1300b0aEDbg.dag/Unity.Services.Core.Networking.dll (+2 others)
[558/801    0s] Csc Library/Bee/artifacts/1300b0aEDbg.dag/Unity.XR.Interaction.Toolkit.dll (+2 others) [CacheHit 5c35d294aa92748fa783a5009aa5a11400000000000000000000000000000003]
[607/801   1783882486s] Csc Library/Bee/artifacts/1300b0aEDbg.dag/Unity.XR.Interaction.Toolkit.dll (+2 others)
[609/801    1s] Csc Library/Bee/artifacts/1300b0aEDbg.dag/Unity.Rider.Editor.dll (+2 others)
[           0s] Csc Library/Bee/artifacts/1300b0aEDbg.dag/Unity.PlasticSCM.Editor.dll (+2 others) [CacheWrite 00000000000000000000000000000003]
[559/801    0s] Csc Library/Bee/artifacts/1300b0aEDbg.dag/Unity.Services.Core.Device.dll (+2 others) [CacheHit e10b5b2ec67ae5c0ae3d74db346e7c1700000000000000000000000000000003]
[610/801   1783882486s] Csc Library/Bee/artifacts/1300b0aEDbg.dag/Unity.Services.Core.Device.dll (+2 others)
[561/801    0s] Csc Library/Bee/artifacts/1300b0aEDbg.dag/Unity.Services.Core.Environments.Internal.dll (+2 others) [CacheHit f23e3bafe7f0cd4aa4105c5450dd2d3c00000000000000000000000000000003]
[612/801   1783882486s] Csc Library/Bee/artifacts/1300b0aEDbg.dag/Unity.Services.Core.Environments.Internal.dll (+2 others)
[562/801    0s] Csc Library/Bee/artifacts/1300b0aEDbg.dag/Unity.XR.CoreUtils.Editor.dll (+2 others) [CacheHit 3ac13376cc2b760eaf8f9ba789fe165e00000000000000000000000000000003]
[614/801   1783882486s] Csc Library/Bee/artifacts/1300b0aEDbg.dag/Unity.XR.CoreUtils.Editor.dll (+2 others)
[           0s] Csc Library/Bee/artifacts/1300b0aEDbg.dag/Unity.VisualStudio.Editor.dll (+2 others) [CacheWrite 00000000000000000000000000000003]
[           0s] Csc Library/Bee/artifacts/1300b0aEDbg.dag/Unity.Rider.Editor.dll (+2 others) [CacheWrite 00000000000000000000000000000003]
[616/801    0s] MovedFromExtractor Library/Bee/artifacts/mvdfrm/Unity.Services.Core.Environments.ref.dll_3166FFB2F7BC4730.mvfrm
[617/801    0s] MovedFromExtractor Library/Bee/artifacts/mvdfrm/Unity.Services.Core.Configuration.ref.dll_A8730D6480A15EFC.mvfrm
[618/801    0s] MovedFromExtractor Library/Bee/artifacts/mvdfrm/Unity.Services.Core.Telemetry.ref.dll_D8CA864CC660C51F.mvfrm
[619/801    0s] MovedFromExtractor Library/Bee/artifacts/mvdfrm/Unity.Services.Core.Scheduler.ref.dll_CCD56D5A2D6C9131.mvfrm
[569/801    0s] Csc Library/Bee/artifacts/1300b0aEDbg.dag/Unity.AI.Navigation.Updater.dll (+2 others) [CacheHit 9dcd737e4d41a70eaba100bc3e2aaa1a00000000000000000000000000000003]
[620/801   1783882486s] Csc Library/Bee/artifacts/1300b0aEDbg.dag/Unity.AI.Navigation.Updater.dll (+2 others)
[622/801    0s] MovedFromExtractor Library/Bee/artifacts/mvdfrm/Unity.Services.Core.Threading.ref.dll_D081FC6B44EFC65E.mvfrm
[623/801    0s] MovedFromExtractor Library/Bee/artifacts/mvdfrm/Unity.Addressables.Editor.ref.dll_5361B8999EF3E68B.mvfrm
[624/801    0s] MovedFromExtractor Library/Bee/artifacts/mvdfrm/UnityEngine.Purchasing.AppleCore.ref.dll_80A19DB6535686A8.mvfrm
[625/801    0s] MovedFromExtractor Library/Bee/artifacts/mvdfrm/Unity.XR.Interaction.Toolkit.ref.dll_1CB09A764F57625F.mvfrm
[626/801    0s] MovedFromExtractorCombine Library/Bee/artifacts/1300b0aEDbg.dag/UnityEditor.XR.LegacyInputHelpers.dll.mvfrm
[627/801    0s] MovedFromExtractorCombine Library/Bee/artifacts/1300b0aEDbg.dag/Unity.Services.Core.Components.dll.mvfrm
[628/801    0s] MovedFromExtractorCombine Library/Bee/artifacts/1300b0aEDbg.dag/Unity.Services.Core.Configuration.Editor.dll.mvfrm
[629/801    0s] Csc Library/Bee/artifacts/1300b0aEDbg.dag/Unity.Services.Analytics.dll (+2 others)
[630/801    0s] MovedFromExtractor Library/Bee/artifacts/mvdfrm/Unity.Localization.ref.dll_64DD51D33D29DFBA.mvfrm
[631/801    0s] MovedFromExtractor Library/Bee/artifacts/mvdfrm/Unity.Services.Core.Networking.ref.dll_2C322A6C0B9BE0E4.mvfrm
[632/801    0s] MovedFromExtractor Library/Bee/artifacts/mvdfrm/Unity.Services.Core.Device.ref.dll_228223E2722793B6.mvfrm
[633/801    0s] MovedFromExtractor Library/Bee/artifacts/mvdfrm/Unity.XR.CoreUtils.Editor.ref.dll_1DEA981C39D1C482.mvfrm
[634/801    0s] MovedFromExtractor Library/Bee/artifacts/mvdfrm/Unity.Services.Core.Environments.Internal.ref.dll_7F177517AAA3FC61.mvfrm
[582/801    0s] Csc Library/Bee/artifacts/1300b0aEDbg.dag/Unity.Services.Core.Configuration.Editor.dll (+2 others) [CacheHit b35392c4e616ace71b4f7f33f6ea14a400000000000000000000000000000003]
[635/801   1783882486s] Csc Library/Bee/artifacts/1300b0aEDbg.dag/Unity.Services.Core.Configuration.Editor.dll (+2 others)
[583/801    0s] Csc Library/Bee/artifacts/1300b0aEDbg.dag/UnityEditor.XR.LegacyInputHelpers.dll (+2 others) [CacheHit 325d848e16d30a25c2b44208c75e7c1000000000000000000000000000000003]
[637/801   1783882486s] Csc Library/Bee/artifacts/1300b0aEDbg.dag/UnityEditor.XR.LegacyInputHelpers.dll (+2 others)
[           0s] Csc Library/Bee/artifacts/1300b0aEDbg.dag/Unity.Services.Analytics.dll (+2 others) [CacheWrite 00000000000000000000000000000003]
[585/801    0s] Csc Library/Bee/artifacts/1300b0aEDbg.dag/Unity.Services.Core.Components.dll (+2 others) [CacheHit 5872e8d6f78aae0f2683ee29641d566d00000000000000000000000000000003]
[639/801   1783882486s] Csc Library/Bee/artifacts/1300b0aEDbg.dag/Unity.Services.Core.Components.dll (+2 others)
[641/801    0s] MovedFromExtractorCombine Library/Bee/artifacts/1300b0aEDbg.dag/UnityEngine.Purchasing.AppleMacosStub.dll.mvfrm
[642/801    0s] MovedFromExtractorCombine Library/Bee/artifacts/1300b0aEDbg.dag/UnityEngine.Purchasing.AppleStub.dll.mvfrm
[643/801    0s] MovedFromExtractor Library/Bee/artifacts/mvdfrm/Unity.PlasticSCM.Editor.ref.dll_EBB1919501649DC3.mvfrm
[644/801    0s] MovedFromExtractor Library/Bee/artifacts/mvdfrm/Unity.Rider.Editor.ref.dll_12912411083945D2.mvfrm
[645/801    0s] MovedFromExtractor Library/Bee/artifacts/mvdfrm/Unity.Mathematics.Editor.ref.dll_735FBEC2F1662886.mvfrm
[646/801    0s] MovedFromExtractor Library/Bee/artifacts/mvdfrm/Unity.AI.Navigation.Updater.ref.dll_18EF7CF76679801A.mvfrm
[647/801    0s] MovedFromExtractorCombine Library/Bee/artifacts/1300b0aEDbg.dag/Unity.XR.Management.Editor.dll.mvfrm
[593/801    0s] Csc Library/Bee/artifacts/1300b0aEDbg.dag/UnityEngine.Purchasing.AppleStub.dll (+2 others) [CacheHit 8dda6c34002b48854d0809deedcf2b1d00000000000000000000000000000003]
[648/801   1783882486s] Csc Library/Bee/artifacts/1300b0aEDbg.dag/UnityEngine.Purchasing.AppleStub.dll (+2 others)
[650/801    0s] MovedFromExtractorCombine Library/Bee/artifacts/1300b0aEDbg.dag/Unity.Localization.Editor.dll.mvfrm
[651/801    0s] MovedFromExtractorCombine Library/Bee/artifacts/1300b0aEDbg.dag/Unity.Services.Core.Registration.dll.mvfrm
[652/801    0s] MovedFromExtractor Library/Bee/artifacts/mvdfrm/UnityEngine.Advertisements.Editor.ref.dll_A425F0AD112B04F4.mvfrm
[597/801    0s] Csc Library/Bee/artifacts/1300b0aEDbg.dag/UnityEngine.Purchasing.AppleMacosStub.dll (+2 others) [CacheHit 3c3be17c707681e491e1e097572aecca00000000000000000000000000000003]
[653/801   1783882486s] Csc Library/Bee/artifacts/1300b0aEDbg.dag/UnityEngine.Purchasing.AppleMacosStub.dll (+2 others)
[655/801    0s] MovedFromExtractor Library/Bee/artifacts/mvdfrm/Unity.VisualStudio.Editor.ref.dll_AC85F13A47E869BA.mvfrm
[656/801    0s] MovedFromExtractorCombine Library/Bee/artifacts/1300b0aEDbg.dag/Unity.XR.Interaction.Toolkit.Editor.dll.mvfrm
[600/801    0s] Csc Library/Bee/artifacts/1300b0aEDbg.dag/Unity.XR.Management.Editor.dll (+2 others) [CacheHit 336d1146a3bf1738b351d66c89aa8b4e00000000000000000000000000000003]
[600/801    0s] Csc Library/Bee/artifacts/1300b0aEDbg.dag/Unity.Services.Core.Registration.dll (+2 others) [CacheHit 308ccbe619fa9a605414315eee5b6a8000000000000000000000000000000003]
[657/801   1783882486s] Csc Library/Bee/artifacts/1300b0aEDbg.dag/Unity.XR.Management.Editor.dll (+2 others)
[659/801   1783882486s] Csc Library/Bee/artifacts/1300b0aEDbg.dag/Unity.Services.Core.Registration.dll (+2 others)
[602/801    0s] Csc Library/Bee/artifacts/1300b0aEDbg.dag/Unity.XR.Interaction.Toolkit.Editor.dll (+2 others) [CacheHit 545372ecc077bfa51377e399b61d689400000000000000000000000000000003]
[661/801   1783882487s] Csc Library/Bee/artifacts/1300b0aEDbg.dag/Unity.XR.Interaction.Toolkit.Editor.dll (+2 others)
[663/801    0s] MovedFromExtractor Library/Bee/artifacts/mvdfrm/Unity.2D.Tilemap.Editor.ref.dll_09A2B486E6034DFE.mvfrm
[664/801    0s] MovedFromExtractor Library/Bee/artifacts/mvdfrm/Unity.Services.Analytics.ref.dll_38684DA74D2A43D7.mvfrm
[665/801    0s] MovedFromExtractor Library/Bee/artifacts/mvdfrm/Unity.Services.Core.Configuration.Editor.ref.dll_18D5318491702C75.mvfrm
[606/801    0s] Csc Library/Bee/artifacts/1300b0aEDbg.dag/Analytics.dll (+2 others) [CacheHit 94bb102dfc2e23361f26ea0d79635ea500000000000000000000000000000003]
[666/801   1783882487s] Csc Library/Bee/artifacts/1300b0aEDbg.dag/Analytics.dll (+2 others)
[668/801    0s] MovedFromExtractor Library/Bee/artifacts/mvdfrm/Unity.Services.Core.Components.ref.dll_A07BCAC8A2B5E346.mvfrm
[669/801    0s] CopyFiles Library/ScriptAssemblies/Unity.Services.Analytics.dll
[670/801    0s] MovedFromExtractor Library/Bee/artifacts/mvdfrm/Unity.Services.Core.Analytics.ref.dll_CC4BDB495E8BC70C.mvfrm
[671/801    0s] CopyFiles Library/ScriptAssemblies/Unity.Services.Core.Internal.dll
[672/801    0s] MovedFromExtractor Library/Bee/artifacts/mvdfrm/Unity.InputSystem.ForUI.ref.dll_CAAF5CDDE611F3DD.mvfrm
[673/801    0s] MovedFromExtractor Library/Bee/artifacts/mvdfrm/Unity.2D.Sprite.Editor.ref.dll_D6B2A7AC1E309D0B.mvfrm
[674/801    0s] MovedFromExtractor Library/Bee/artifacts/mvdfrm/UnityEngine.Purchasing.AppleMacosStub.ref.dll_21A28B9D1B4B531E.mvfrm
[675/801    0s] MovedFromExtractor Library/Bee/artifacts/mvdfrm/UnityEditor.XR.LegacyInputHelpers.ref.dll_4D7ADE5292C8C80A.mvfrm
[676/801    0s] CopyFiles Library/ScriptAssemblies/Unity.Services.Core.Analytics.dll
[677/801    0s] MovedFromExtractor Library/Bee/artifacts/mvdfrm/UnityEditor.SpatialTracking.ref.dll_6D4891A70B412C9D.mvfrm
[678/801    0s] CopyFiles Library/ScriptAssemblies/Unity.Services.Core.Registration.dll
[679/801    0s] CopyFiles Library/ScriptAssemblies/Unity.Services.Core.Telemetry.dll
[680/801    0s] CopyFiles Library/ScriptAssemblies/UnityEngine.Purchasing.AppleStub.dll
[681/801    0s] CopyFiles Library/ScriptAssemblies/UnityEngine.Purchasing.SecurityCore.dll
[682/801    0s] CopyFiles Library/ScriptAssemblies/Unity.Localization.dll
[683/801    0s] MovedFromExtractor Library/Bee/artifacts/mvdfrm/UnityEngine.Purchasing.AppleStub.ref.dll_CBC862A9F6C341E7.mvfrm
[684/801    0s] CopyFiles Library/ScriptAssemblies/UnityEngine.Purchasing.AppleMacosStub.dll
[685/801    0s] MovedFromExtractorCombine Library/Bee/artifacts/1300b0aEDbg.dag/UnityEngine.Purchasing.dll.mvfrm
[686/801    0s] CopyFiles Library/ScriptAssemblies/Unity.AI.Navigation.dll
[687/801    0s] MovedFromExtractorCombine Library/Bee/artifacts/1300b0aEDbg.dag/Unity.CollabProxy.Editor.dll.mvfrm
[688/801    0s] MovedFromExtractorCombine Library/Bee/artifacts/1300b0aEDbg.dag/Unity.InputSystem.TestFramework.dll.mvfrm
[689/801    0s] MovedFromExtractor Library/Bee/artifacts/mvdfrm/Unity.Services.Core.Registration.ref.dll_C23E0E6C9AE80E19.mvfrm
[690/801    0s] CopyFiles Library/ScriptAssemblies/Unity.Services.Core.Configuration.dll
[691/801    0s] CopyFiles Library/ScriptAssemblies/UnityEngine.SpatialTracking.dll
[692/801    0s] CopyFiles Library/ScriptAssemblies/Unity.Analytics.DataPrivacy.dll
[693/801    0s] CopyFiles Library/ScriptAssemblies/Unity.Services.Core.Components.dll
[694/801    0s] CopyFiles Library/ScriptAssemblies/UnityEngine.Purchasing.WinRTCore.dll
[695/801    0s] CopyFiles Library/ScriptAssemblies/UnityEngine.Purchasing.SecurityStub.dll
[696/801    0s] CopyFiles Library/ScriptAssemblies/Unity.Services.Core.Device.dll
[697/801    0s] MovedFromExtractor Library/Bee/artifacts/mvdfrm/Unity.XR.Management.Editor.ref.dll_B1A140CB4F8C5DF5.mvfrm
[698/801    0s] MovedFromExtractorCombine Library/Bee/artifacts/1300b0aEDbg.dag/Unity.Addressables.Editor.Tests.DocExampleCode.dll.mvfrm
[699/801    0s] MovedFromExtractor Library/Bee/artifacts/mvdfrm/Unity.XR.Interaction.Toolkit.Editor.ref.dll_BD68CB523CF31042.mvfrm
[700/801    0s] CopyFiles Library/ScriptAssemblies/Purchasing.Common.dll
[701/801    0s] CopyFiles Library/ScriptAssemblies/Unity.Timeline.dll
[702/801    0s] CopyFiles Library/ScriptAssemblies/Unity.XR.Management.dll
[703/801    0s] CopyFiles Library/ScriptAssemblies/Unity.ScriptableBuildPipeline.dll
[704/801    0s] CopyFiles Library/ScriptAssemblies/UnityEngine.Purchasing.WinRTStub.dll
[705/801    0s] CopyFiles Library/ScriptAssemblies/Unity.Services.Core.Scheduler.dll
[706/801    0s] CopyFiles Library/ScriptAssemblies/UnityEngine.XR.LegacyInputHelpers.dll
[707/801    0s] CopyFiles Library/ScriptAssemblies/Unity.Services.Core.Environments.Internal.dll
[708/801    0s] CopyFiles Library/ScriptAssemblies/Unity.InternalAPIEngineBridge.013.dll
[709/801    0s] CopyFiles Library/ScriptAssemblies/Unity.Services.Core.Threading.dll
[710/801    0s] CopyFiles Library/ScriptAssemblies/Unity.InputSystem.ForUI.dll
[650/801    0s] Csc Library/Bee/artifacts/1300b0aEDbg.dag/Unity.CollabProxy.Editor.dll (+2 others) [CacheHit 4158dd26b3aa309ff1b7b8d4be05abe200000000000000000000000000000003]
[711/801   1783882487s] Csc Library/Bee/artifacts/1300b0aEDbg.dag/Unity.CollabProxy.Editor.dll (+2 others)
[713/801    0s] CopyFiles Library/ScriptAssemblies/Unity.Services.Core.Environments.dll
[714/801    0s] CopyFiles Library/ScriptAssemblies/Unity.XR.CoreUtils.dll
[715/801    0s] CopyFiles Library/ScriptAssemblies/Unity.CollabProxy.Editor.dll
[716/801    0s] CopyFiles Library/ScriptAssemblies/Unity.Mathematics.dll
[717/801    0s] CopyFiles Library/ScriptAssemblies/Unity.ResourceManager.dll
[718/801    0s] CopyFiles Library/ScriptAssemblies/Unity.CollabProxy.Editor.pdb
[719/801    0s] CopyFiles Library/ScriptAssemblies/Analytics.pdb
[720/801    0s] CopyFiles Library/ScriptAssemblies/UnityEngine.Purchasing.AppleCore.dll
[721/801    0s] CopyFiles Library/ScriptAssemblies/Unity.XR.Interaction.Toolkit.Editor.pdb
[722/801    0s] CopyFiles Library/ScriptAssemblies/Unity.Services.Core.Registration.pdb
[723/801    0s] CopyFiles Library/ScriptAssemblies/Unity.XR.Management.Editor.pdb
[724/801    0s] CopyFiles Library/ScriptAssemblies/UnityEngine.Purchasing.AppleMacosStub.pdb
[725/801    0s] CopyFiles Library/ScriptAssemblies/UnityEngine.Purchasing.AppleStub.pdb
[726/801    0s] CopyFiles Library/ScriptAssemblies/Unity.Services.Core.Components.pdb
[727/801    0s] CopyFiles Library/ScriptAssemblies/Analytics.dll
[728/801    0s] CopyFiles Library/ScriptAssemblies/UnityEditor.XR.LegacyInputHelpers.pdb
[729/801    0s] CopyFiles Library/ScriptAssemblies/Unity.Services.Core.Networking.dll
[730/801    0s] CopyFiles Library/ScriptAssemblies/Unity.Services.Core.dll
[731/801    0s] CopyFiles Library/ScriptAssemblies/Unity.Services.Core.Configuration.Editor.pdb
[670/801    0s] Csc Library/Bee/artifacts/1300b0aEDbg.dag/UnityEngine.Purchasing.dll (+2 others) [CacheHit cd0589ba43af4ed4a34c4aa8928f241c00000000000000000000000000000003]
[732/801   1783882487s] Csc Library/Bee/artifacts/1300b0aEDbg.dag/UnityEngine.Purchasing.dll (+2 others)
[734/801    0s] CopyFiles Library/ScriptAssemblies/Unity.TextMeshPro.dll
[735/801    0s] CopyFiles Library/ScriptAssemblies/UnityEngine.Advertisements.dll
[736/801    0s] CopyFiles Library/ScriptAssemblies/UnityEngine.Purchasing.pdb
[737/801    0s] CopyFiles Library/ScriptAssemblies/Unity.InputSystem.dll
[738/801    0s] CopyFiles Library/ScriptAssemblies/Unity.Rider.Editor.dll
[739/801    0s] CopyFiles Library/ScriptAssemblies/Unity.Rider.Editor.pdb
[740/801    0s] CopyFiles Library/ScriptAssemblies/Unity.VisualStudio.Editor.pdb
[741/801    0s] CopyFiles Library/ScriptAssemblies/Unity.VisualStudio.Editor.dll
[742/801    0s] CopyFiles Library/ScriptAssemblies/Unity.AI.Navigation.Updater.pdb
[743/801    0s] CopyFiles Library/ScriptAssemblies/Unity.Addressables.dll
[744/801    0s] CopyFiles Library/ScriptAssemblies/Unity.XR.CoreUtils.Editor.pdb
[745/801    0s] CopyFiles Library/ScriptAssemblies/Unity.PlasticSCM.Editor.pdb
[746/801    0s] CopyFiles Library/ScriptAssemblies/Unity.PlasticSCM.Editor.dll
[747/801    0s] CopyFiles Library/ScriptAssemblies/Unity.Services.Core.Environments.Internal.pdb
[748/801    0s] CopyFiles Library/ScriptAssemblies/Unity.AI.Navigation.Updater.dll
[749/801    0s] CopyFiles Library/ScriptAssemblies/Unity.Services.Core.Device.pdb
[750/801    0s] CopyFiles Library/ScriptAssemblies/Unity.Services.Analytics.pdb
[751/801    0s] CopyFiles Library/ScriptAssemblies/Unity.XR.Interaction.Toolkit.pdb
[752/801    0s] CopyFiles Library/ScriptAssemblies/Unity.Services.Core.Networking.pdb
[753/801    0s] CopyFiles Library/ScriptAssemblies/UnityEngine.Purchasing.AppleCore.pdb
[754/801    0s] CopyFiles Library/ScriptAssemblies/Unity.Services.Core.Scheduler.pdb
[755/801    0s] CopyFiles Library/ScriptAssemblies/Unity.Services.Core.Configuration.Editor.dll
[756/801    0s] CopyFiles Library/ScriptAssemblies/Unity.Services.Core.Telemetry.pdb
[757/801    0s] CopyFiles Library/ScriptAssemblies/Unity.Localization.pdb
[758/801    0s] CopyFiles Library/ScriptAssemblies/Unity.Services.Core.Configuration.pdb
[759/801    0s] CopyFiles Library/ScriptAssemblies/Purchasing.Common.pdb
[760/801    0s] CopyFiles Library/ScriptAssemblies/Unity.Services.Core.Environments.pdb
[761/801    0s] MovedFromExtractorCombine Library/Bee/artifacts/1300b0aEDbg.dag/Unity.Services.Core.Editor.dll.mvfrm
[762/801    0s] CopyFiles Library/ScriptAssemblies/Unity.XR.Interaction.Toolkit.dll
[763/801    0s] CopyFiles Library/ScriptAssemblies/Unity.Services.Core.Threading.pdb
[764/801    0s] CopyFiles Library/ScriptAssemblies/Unity.Mathematics.Editor.pdb
[765/801    0s] CopyFiles Library/ScriptAssemblies/Unity.TextMeshPro.Editor.pdb
[766/801    0s] CopyFiles Library/ScriptAssemblies/Unity.Addressables.Editor.pdb
[767/801    0s] CopyFiles Library/ScriptAssemblies/Unity.Timeline.Editor.pdb
[768/801    0s] CopyFiles Library/ScriptAssemblies/Unity.Analytics.DataPrivacy.pdb
[769/801    0s] CopyFiles Library/ScriptAssemblies/UnityEditor.XR.LegacyInputHelpers.dll
[770/801    0s] CopyFiles Library/ScriptAssemblies/Unity.2D.Tilemap.Editor.pdb
[771/801    0s] CopyFiles Library/ScriptAssemblies/Unity.Services.Core.Analytics.pdb
[772/801    0s] CopyFiles Library/ScriptAssemblies/UnityEngine.Advertisements.pdb
[773/801    0s] CopyFiles Library/ScriptAssemblies/Unity.2D.Sprite.Editor.pdb
[774/801    0s] CopyFiles Library/ScriptAssemblies/UnityEngine.Advertisements.Editor.pdb
[775/801    0s] CopyFiles Library/ScriptAssemblies/UnityEngine.Purchasing.dll
[776/801    0s] CopyFiles Library/ScriptAssemblies/UnityEngine.Purchasing.SecurityStub.pdb
[777/801    0s] CopyFiles Library/ScriptAssemblies/Unity.XR.Management.Editor.dll
[778/801    0s] CopyFiles Library/ScriptAssemblies/UnityEditor.SpatialTracking.pdb
[779/801    0s] CopyFiles Library/ScriptAssemblies/UnityEngine.XR.LegacyInputHelpers.pdb
[780/801    0s] CopyFiles Library/ScriptAssemblies/Unity.XR.CoreUtils.pdb
[781/801    0s] CopyFiles Library/ScriptAssemblies/Unity.InputSystem.ForUI.pdb
[782/801    0s] CopyFiles Library/ScriptAssemblies/Unity.Services.Core.Internal.pdb
[783/801    0s] CopyFiles Library/ScriptAssemblies/UnityEditor.SpatialTracking.dll
[784/801    0s] CopyFiles Library/ScriptAssemblies/UnityEngine.Advertisements.Editor.dll
[785/801    0s] CopyFiles Library/ScriptAssemblies/UnityEngine.Purchasing.WinRTStub.pdb
[786/801    0s] CopyFiles Library/ScriptAssemblies/Unity.ScriptableBuildPipeline.Editor.pdb
[787/801    0s] CopyFiles Library/ScriptAssemblies/Unity.AI.Navigation.Editor.pdb
[788/801    0s] CopyFiles Library/ScriptAssemblies/Unity.Addressables.pdb
[789/801    0s] CopyFiles Library/ScriptAssemblies/Unity.Mathematics.Editor.dll
[790/801    0s] CopyFiles Library/ScriptAssemblies/Unity.InternalAPIEditorBridge.013.pdb
[791/801    0s] CopyFiles Library/ScriptAssemblies/UnityEngine.Purchasing.WinRTCore.pdb
[792/801    0s] CopyFiles Library/ScriptAssemblies/UnityEngine.Purchasing.SecurityCore.pdb
[793/801    0s] CopyFiles Library/ScriptAssemblies/UnityEngine.SpatialTracking.pdb
[794/801    0s] CopyFiles Library/ScriptAssemblies/Unity.XR.CoreUtils.Editor.dll
[795/801    0s] CopyFiles Library/ScriptAssemblies/Unity.2D.Sprite.Editor.dll
[796/801    0s] CopyFiles Library/ScriptAssemblies/Unity.InputSystem.pdb
[797/801    0s] CopyFiles Library/ScriptAssemblies/Unity.InternalAPIEditorBridge.013.dll
[798/801    0s] CopyFiles Library/ScriptAssemblies/Unity.AI.Navigation.Editor.ConversionSystem.pdb
[799/801    0s] CopyFiles Library/ScriptAssemblies/Unity.ScriptableBuildPipeline.pdb
[800/801    0s] CopyFiles Library/ScriptAssemblies/Unity.InternalAPIEngineBridge.013.pdb
[801/801    0s] CopyFiles Library/ScriptAssemblies/Unity.ResourceManager.pdb
[802/801    0s] CopyFiles Library/ScriptAssemblies/Unity.Services.Core.pdb
[803/801    0s] CopyFiles Library/ScriptAssemblies/Unity.Mathematics.pdb
[804/801    0s] CopyFiles Library/ScriptAssemblies/Unity.2D.Tilemap.Editor.dll
[805/801    0s] CopyFiles Library/ScriptAssemblies/Unity.XR.Management.pdb
[806/801    0s] CopyFiles Library/ScriptAssemblies/Unity.TextMeshPro.pdb
[807/801    0s] CopyFiles Library/ScriptAssemblies/Unity.AI.Navigation.pdb
[808/801    0s] CopyFiles Library/ScriptAssemblies/Unity.Timeline.pdb
[809/801    0s] CopyFiles Library/ScriptAssemblies/Unity.XR.Interaction.Toolkit.Editor.dll
[747/801    0s] Csc Library/Bee/artifacts/1300b0aEDbg.dag/Unity.Services.Core.Editor.dll (+2 others) [CacheHit 7ae428610c8cdcf80cb14ed3f910397100000000000000000000000000000003]
[810/801   1783882488s] Csc Library/Bee/artifacts/1300b0aEDbg.dag/Unity.Services.Core.Editor.dll (+2 others)
[812/801    0s] CopyFiles Library/ScriptAssemblies/Unity.ScriptableBuildPipeline.Editor.dll
[813/801    0s] CopyFiles Library/ScriptAssemblies/Unity.Services.Core.Editor.pdb
[814/801    0s] CopyFiles Library/ScriptAssemblies/Unity.Timeline.Editor.dll
[815/801    0s] CopyFiles Library/ScriptAssemblies/Unity.AI.Navigation.Editor.dll
[816/801    0s] CopyFiles Library/ScriptAssemblies/Unity.AI.Navigation.Editor.ConversionSystem.dll
[817/801    0s] CopyFiles Library/ScriptAssemblies/Unity.Addressables.Editor.dll
[818/801    0s] MovedFromExtractor Library/Bee/artifacts/mvdfrm/UnityEngine.Purchasing.ref.dll_4F6B366F4FA2368D.mvfrm
[819/801    0s] CopyFiles Library/ScriptAssemblies/Unity.Services.Core.Editor.dll
[820/801    0s] MovedFromExtractor Library/Bee/artifacts/mvdfrm/Unity.Services.Core.Editor.ref.dll_02C943D8C072C0AD.mvfrm
[821/801    1s] Csc Library/Bee/artifacts/1300b0aEDbg.dag/Unity.InputSystem.TestFramework.dll (+2 others)
[822/801    0s] MovedFromExtractorCombine Library/Bee/artifacts/1300b0aEDbg.dag/UnityEngine.Purchasing.Stores.dll.mvfrm
[823/801    1s] Csc Library/Bee/artifacts/1300b0aEDbg.dag/Unity.Addressables.Editor.Tests.DocExampleCode.dll (+2 others)
[824/801    0s] MovedFromExtractorCombine Library/Bee/artifacts/1300b0aEDbg.dag/Unity.Services.Core.Environments.Editor.dll.mvfrm
[825/801    0s] MovedFromExtractorCombine Library/Bee/artifacts/1300b0aEDbg.dag/UnityEngine.Advertisements.DevX.Editor.dll.mvfrm
[           0s] Csc Library/Bee/artifacts/1300b0aEDbg.dag/Unity.InputSystem.TestFramework.dll (+2 others) [CacheWrite 00000000000000000000000000000003]
[826/801    0s] CopyFiles Library/ScriptAssemblies/Unity.InputSystem.TestFramework.pdb
[827/801    0s] CopyFiles Library/ScriptAssemblies/Unity.InputSystem.TestFramework.dll
[           0s] Csc Library/Bee/artifacts/1300b0aEDbg.dag/Unity.Addressables.Editor.Tests.DocExampleCode.dll (+2 others) [CacheWrite 00000000000000000000000000000003]
[763/801    0s] Csc Library/Bee/artifacts/1300b0aEDbg.dag/Unity.Services.Core.Environments.Editor.dll (+2 others) [CacheHit 8f5ae725f9aace6f3de25d37022dcd7e00000000000000000000000000000003]
[828/801   1783882489s] Csc Library/Bee/artifacts/1300b0aEDbg.dag/Unity.Services.Core.Environments.Editor.dll (+2 others)
[830/801    0s] CopyFiles Library/ScriptAssemblies/Unity.Addressables.Editor.Tests.DocExampleCode.pdb
[831/801    0s] CopyFiles Library/ScriptAssemblies/Unity.Services.Core.Environments.Editor.pdb
[832/801    0s] CopyFiles Library/ScriptAssemblies/Unity.TextMeshPro.Editor.dll
[833/801    2s] Csc Library/Bee/artifacts/1300b0aEDbg.dag/Unity.Localization.Editor.dll (+2 others)
[834/801    0s] CopyFiles Library/ScriptAssemblies/Unity.Addressables.Editor.Tests.DocExampleCode.dll
[           0s] Csc Library/Bee/artifacts/1300b0aEDbg.dag/Unity.Localization.Editor.dll (+2 others) [CacheWrite 00000000000000000000000000000003]
[835/801    0s] CopyFiles Library/ScriptAssemblies/Unity.Localization.Editor.pdb
[836/801    0s] MovedFromExtractor Library/Bee/artifacts/mvdfrm/Unity.Services.Core.Environments.Editor.ref.dll_423E6528329C4381.mvfrm
[837/801    0s] CopyFiles Library/ScriptAssemblies/Unity.Services.Core.Environments.Editor.dll
[838/801    0s] Csc Library/Bee/artifacts/1300b0aEDbg.dag/UnityEngine.Advertisements.DevX.Editor.dll (+2 others)
[839/801    0s] MovedFromExtractorCombine Library/Bee/artifacts/1300b0aEDbg.dag/Unity.Services.Analytics.Editor.dll.mvfrm
[           0s] Csc Library/Bee/artifacts/1300b0aEDbg.dag/UnityEngine.Advertisements.DevX.Editor.dll (+2 others) [CacheWrite 00000000000000000000000000000003]
[840/801    0s] CopyFiles Library/ScriptAssemblies/UnityEngine.Advertisements.DevX.Editor.pdb
[841/801    0s] MovedFromExtractor Library/Bee/artifacts/mvdfrm/Unity.Localization.Editor.ref.dll_E79D2E658FF04197.mvfrm
[842/801    0s] CopyFiles Library/ScriptAssemblies/UnityEngine.Advertisements.DevX.Editor.dll
[778/801    0s] Csc Library/Bee/artifacts/1300b0aEDbg.dag/Unity.Services.Analytics.Editor.dll (+2 others) [CacheHit e5123777b92ef5c288e26b4722f7f53400000000000000000000000000000003]
[843/801   1783882489s] Csc Library/Bee/artifacts/1300b0aEDbg.dag/Unity.Services.Analytics.Editor.dll (+2 others)
[845/801    0s] CopyFiles Library/ScriptAssemblies/Unity.Services.Analytics.Editor.pdb
[846/801    0s] CopyFiles Library/ScriptAssemblies/Unity.Localization.Editor.dll
[847/801    0s] Csc Library/Bee/artifacts/1300b0aEDbg.dag/UnityEngine.Purchasing.Stores.dll (+2 others)
[848/801    0s] CopyFiles Library/ScriptAssemblies/Unity.Services.Analytics.Editor.dll
[           0s] Csc Library/Bee/artifacts/1300b0aEDbg.dag/UnityEngine.Purchasing.Stores.dll (+2 others) [CacheWrite 00000000000000000000000000000003]
[849/801    0s] CopyFiles Library/ScriptAssemblies/UnityEngine.Purchasing.Stores.pdb
[850/801    0s] CopyFiles Library/ScriptAssemblies/UnityEngine.Purchasing.Stores.dll
[851/801    0s] MovedFromExtractor Library/Bee/artifacts/mvdfrm/UnityEngine.Purchasing.Stores.ref.dll_B08A4B606AA7A7F9.mvfrm
[852/801    0s] MovedFromExtractorCombine Library/Bee/artifacts/1300b0aEDbg.dag/UnityEngine.Purchasing.Codeless.dll.mvfrm
[787/801    0s] Csc Library/Bee/artifacts/1300b0aEDbg.dag/UnityEngine.Purchasing.Codeless.dll (+2 others) [CacheHit ae024a75940cd3d6a7e7063053e7a1e000000000000000000000000000000003]
[853/801   1783882490s] Csc Library/Bee/artifacts/1300b0aEDbg.dag/UnityEngine.Purchasing.Codeless.dll (+2 others)
[855/801    0s] CopyFiles Library/ScriptAssemblies/UnityEngine.Purchasing.Codeless.pdb
[856/801    0s] CopyFiles Library/ScriptAssemblies/UnityEngine.Purchasing.Codeless.dll
[857/801    0s] MovedFromExtractor Library/Bee/artifacts/mvdfrm/UnityEngine.Purchasing.Codeless.ref.dll_F7880BA97EF845BD.mvfrm
[858/801    0s] MovedFromExtractorCombine Library/Bee/artifacts/1300b0aEDbg.dag/UnityEditor.Purchasing.dll.mvfrm
[859/801    0s] Csc Library/Bee/artifacts/1300b0aEDbg.dag/UnityEditor.Purchasing.dll (+2 others)
[           0s] Csc Library/Bee/artifacts/1300b0aEDbg.dag/UnityEditor.Purchasing.dll (+2 others) [CacheWrite 00000000000000000000000000000003]
[860/801    0s] CopyFiles Library/ScriptAssemblies/UnityEditor.Purchasing.pdb
[861/801    0s] MovedFromExtractor Library/Bee/artifacts/mvdfrm/UnityEditor.Purchasing.ref.dll_834CEBC123DED8A2.mvfrm
[862/801    0s] MovedFromExtractorCombine Library/Bee/artifacts/1300b0aEDbg.dag/Assembly-CSharp.dll.mvfrm
[863/801    0s] CopyFiles Library/ScriptAssemblies/UnityEditor.Purchasing.dll
[864/801    0s] Csc Library/Bee/artifacts/1300b0aEDbg.dag/Assembly-CSharp.dll (+2 others)
[865/801    0s] CopyFiles Library/ScriptAssemblies/Assembly-CSharp.pdb
[866/801    0s] CopyFiles Library/ScriptAssemblies/Assembly-CSharp.dll
*** Tundra build success (13.20 seconds), 637 items updated, 801 evaluated
AssetDatabase: script compilation time: 18.652319s
Begin MonoManager ReloadAssembly
- Loaded All Assemblies, in 17.787 seconds
Refreshing native plugins compatible for Editor in 33.30 ms, found 2 plugins.
Preloading 0 native plugins for Editor in 0.00 ms.
Start importing ProjectSettings/EditorBuildSettings.asset using Guid(0000000000000000b000000000000000) Importer(-1,00000000000000000000000000000000) [PhysX] Initialized MultithreadedTaskDispatcher with 16 workers.
 -> (artifact id: 'e75d863bc722de2ddcd9fa49dcca33b3') in 0.014793 seconds
Start importing ProjectSettings/UnityConnectSettings.asset using Guid(0000000000000000a100000000000000) Importer(-1,00000000000000000000000000000000) [PhysX] Initialized MultithreadedTaskDispatcher with 16 workers.
 -> (artifact id: '7fa144b1a243911758944baf90717efe') in 0.004707 seconds
Start importing Assets/Packages/com.sludgyparrot.helpers/Editor/Plugins/Unity2023/netstandard2.1/ParrotCodeEditorHelpers.dll using Guid(c1e216752f7d138438a3c6159f9d3a1c) Importer(-1,00000000000000000000000000000000) [PhysX] Initialized MultithreadedTaskDispatcher with 16 workers.
 -> (artifact id: '8bc4ae7b00295a77371fdecf72f605f1') in 0.016320 seconds
Start importing Assets/Packages/com.sludgyparrot.platforms/Editor/Plugins/Unity2023/netstandard2.1/ParrotCodePlatformEditor.dll using Guid(5b31851871afa134696a3354c052ebfa) Importer(-1,00000000000000000000000000000000) [PhysX] Initialized MultithreadedTaskDispatcher with 16 workers.
 -> (artifact id: '96e15497c67595d987b6968e40c7525e') in 0.079049 seconds
Start importing Assets/Packages/com.sludgyparrot.platforms/Editor/Plugins/Unity2023/netstandard2.1/ParrotCodeEditorHelpers.dll using Guid(be0e862f51625ad478c45275c7eef8c3) Importer(-1,00000000000000000000000000000000) [PhysX] Initialized MultithreadedTaskDispatcher with 16 workers.
 -> (artifact id: '54c111059acd4489c8dd2bb8ab94dc3d') in 0.011033 seconds
Start importing Packages/com.unity.localization/Editor/Platform/iOS/Player.cs using Guid(40ad84fb78ec44e289fdb19fd45f263b) Importer(-1,00000000000000000000000000000000) [PhysX] Initialized MultithreadedTaskDispatcher with 16 workers.
 -> (artifact id: 'c3dca44edede86c85a6ed027e3da4fda') in 0.018920 seconds
Start importing Packages/com.unity.ads/Runtime/Advertisement/Platform/Android/AndroidBanner.cs using Guid(62feb6c6a2969468c9560b68f71bf232) Importer(-1,00000000000000000000000000000000) [PhysX] Initialized MultithreadedTaskDispatcher with 16 workers.
 -> (artifact id: '78a52ca38578a9aeca16af75451ef9d3') in 0.020572 seconds
Start importing Packages/com.unity.localization/Editor/Platform/Android/Player.cs using Guid(57bb51648a2a44e4aae9979e10bd5bd0) Importer(-1,00000000000000000000000000000000) [PhysX] Initialized MultithreadedTaskDispatcher with 16 workers.
 -> (artifact id: '8abca507e35147f8e79c5520265de576') in 0.015180 seconds
Start importing Packages/com.unity.localization/Editor/Platform/Android/BuildPlayerAndroid.cs using Guid(972b1b58477d73147be55525f2043f4b) Importer(-1,00000000000000000000000000000000) [PhysX] Initialized MultithreadedTaskDispatcher with 16 workers.
 -> (artifact id: '8bf9122eebb6738a68b00e1c622736d3') in 0.019099 seconds
Start importing Packages/com.unity.services.core/Runtime/Device/UserIdProviders/AndroidUtils.cs using Guid(294f83b40dade45de80752da3ccfb793) Importer(-1,00000000000000000000000000000000) [PhysX] Initialized MultithreadedTaskDispatcher with 16 workers.
 -> (artifact id: 'f89d043d9666dea99cb1d79ba050ab00') in 0.018201 seconds
Start importing Packages/com.unity.localization/Editor/Platform/Android/GradleProjectSettings.cs using Guid(b971c6d131acf5a4f9d474fe6cf427b2) Importer(-1,00000000000000000000000000000000) [PhysX] Initialized MultithreadedTaskDispatcher with 16 workers.
 -> (artifact id: 'e1482f0f9ab7d0328f29acfc7888a6f4') in 0.019704 seconds
Start importing Packages/com.unity.ads/Runtime/Advertisement/Platform/Android/AndroidPlatform.cs using Guid(ac624548b353e4f688d5038a5447cb46) Importer(-1,00000000000000000000000000000000) [PhysX] Initialized MultithreadedTaskDispatcher with 16 workers.
 -> (artifact id: '5862ba0435d11e092cedb7eb2a3149b8') in 0.021176 seconds
Refreshing native plugins compatible for Editor in 33.73 ms, found 2 plugins.
Native extension for WindowsStandalone target not found
Native extension for Android target not found
Native extension for WebGL target not found
[Licensing::Client] Successfully resolved entitlement details
[Licensing::Module] Serial number assigned to: "F4-UAW6-NCEM-YFTP-3WHD-XXXX"
[Licensing::Module] Serial number assigned to: "11270023213162-UnityPersXXXX"
[Licensing::Client] Successfully resolved entitlement details
Mono: successfully reloaded assembly
- Finished resetting the current domain, in  1.653 seconds
Domain Reload Profiling: 19436ms
	BeginReloadAssembly (214ms)
		ExecutionOrderSort (0ms)
		DisableScriptedObjects (8ms)
		BackupInstance (0ms)
		ReleaseScriptingObjects (0ms)
		CreateAndSetChildDomain (48ms)
	RebuildCommonClasses (44ms)
	RebuildNativeTypeToScriptingClass (16ms)
	initialDomainReloadingComplete (76ms)
	LoadAllAssembliesAndSetupDomain (17432ms)
		LoadAssemblies (17270ms)
		RebuildTransferFunctionScriptingTraits (0ms)
		AnalyzeDomain (272ms)
			TypeCache.Refresh (226ms)
				TypeCache.ScanAssembly (198ms)
			ScanForSourceGeneratedMonoScriptInfo (37ms)
			ResolveRequiredComponents (6ms)
	FinalizeReload (1653ms)
		ReleaseScriptCaches (0ms)
		RebuildScriptCaches (0ms)
		SetupLoadedEditorAssemblies (1471ms)
			LogAssemblyErrors (0ms)
			InitializePlatformSupportModulesInManaged (27ms)
			SetLoadedEditorAssemblies (8ms)
			RefreshPlugins (0ms)
			BeforeProcessingInitializeOnLoad (176ms)
			ProcessInitializeOnLoadAttributes (1041ms)
			ProcessInitializeOnLoadMethodAttributes (212ms)
			AfterProcessingInitializeOnLoad (7ms)
			EditorAssembliesLoaded (1ms)
		ExecutionOrderSort2 (0ms)
		AwakeInstancesAfterBackupRestoration (8ms)
Start importing Assets/Build/Build.log using Guid(e9ffc0b0adede55439f5e0be0161a670) Importer(-1,00000000000000000000000000000000) [PhysX] Initialized MultithreadedTaskDispatcher with 16 workers.
 -> (artifact id: 'df12dc06604fbe47fc7d448b31dfd452') in 0.073708 seconds
Start importing Assets/Packages/com.sludgyparrot.platforms/Editor/Plugins/Unity2023/netstandard2.1/ParrotCodeEditorHelpers.pdb using Guid(540462a5e14f3364eb25d29ae4a7f07a) Importer(-1,00000000000000000000000000000000) [PhysX] Initialized MultithreadedTaskDispatcher with 16 workers.
 -> (artifact id: 'f96e81a99ff5031b79eabfd0f5841251') in 0.006842 seconds
Start importing Assets/Packages/com.sludgyparrot.platforms/Editor/Plugins/Unity2023/netstandard2.1/ParrotCodePlatformEditor.pdb using Guid(1bbc32a0caea6f341b19e97f4d0e673f) Importer(-1,00000000000000000000000000000000) [PhysX] Initialized MultithreadedTaskDispatcher with 16 workers.
 -> (artifact id: 'd1e20f91bd8ebf55c0175f70e0d934f4') in 0.017389 seconds
Start importing Assets/Packages/com.sludgyparrot.helpers/Editor/Plugins/Unity2023/netstandard2.1/ParrotCodeEditorHelpers.pdb using Guid(8e5075f79f676b9439131e24db9a5734) Importer(-1,00000000000000000000000000000000) [PhysX] Initialized MultithreadedTaskDispatcher with 16 workers.
 -> (artifact id: 'cb825b9431cb26f5441d9462be7f2369') in 0.013034 seconds
Start importing Assets/Packages/com.sludgyparrot.helpers/Editor/Plugins/Unity2023/netstandard2.1/ParrotCodeEditorHelpers.xml using Guid(998d0c8ee88cbd64f807f2ce2a4c3b26) Importer(-1,00000000000000000000000000000000) [PhysX] Initialized MultithreadedTaskDispatcher with 16 workers.
 -> (artifact id: '640491cdda67c4f5bedab793652e6ad8') in 0.020956 seconds
Start importing Assets/Packages/com.sludgyparrot.platforms/Editor/Plugins/Unity2023/netstandard2.1/ParrotCodePlatformEditor.xml using Guid(5ca2482230892274aac5bd9a35a5fe05) Importer(-1,00000000000000000000000000000000) [PhysX] Initialized MultithreadedTaskDispatcher with 16 workers.
 -> (artifact id: '0fee97706a64b938732224e8e5c41937') in 0.021992 seconds
Start importing Assets/Packages/com.sludgyparrot.platforms/Editor/Plugins/Unity2023/netstandard2.1/ParrotCodeEditorHelpers.xml using Guid(dc37c2aea4caec64bba6b7038c04ce67) Importer(-1,00000000000000000000000000000000) [PhysX] Initialized MultithreadedTaskDispatcher with 16 workers.
 -> (artifact id: 'a83cbaf06d0c5aaabf9f038c163b8d8a') in 0.006550 seconds
[Licensing::Client] Successfully resolved entitlement details
[Licensing::Module] Serial number assigned to: "F4-UAW6-NCEM-YFTP-3WHD-XXXX"
[Licensing::Module] Serial number assigned to: "11270023213162-UnityPersXXXX"
Refreshing native plugins compatible for Editor in 34.10 ms, found 2 plugins.
Preloading 0 native plugins for Editor in 0.00 ms.
Asset Pipeline Refresh (id=f65539e7439838c4d9d93c3038419959): Total: 93.512 seconds - Initiated by InitialRefreshV2(ForceSynchronousImport)
	Summary:
		Imports: total=19 (actual=19, local cache=0, cache server=0)
		Asset DB Process Time: managed=6 ms, native=50725 ms
		Asset DB Callback time: managed=920 ms, native=60 ms
		Scripting: domain reloads=1, domain reload time=20165 ms, compile time=21508 ms, other=126 ms
		Project Asset Count: scripts=6108, non-scripts=1569
		Asset File Changes: new=0, changed=12, moved=0, deleted=0
		Scan Filter Count: 0
	InvokeBeforeRefreshCallbacks: 1.164ms
	ApplyChangesToAssetFolders: 0.165ms
	Scan: 830.877ms
	OnSourceAssetsModified: 2.785ms
	GetAllGuidsForCategorization: 2.712ms
	CategorizeAssets: 199.421ms
	ImportOutOfDateAssets: 2839.308ms (-19346.733ms without children)
		ImportManagerImport: 545.059ms (97.327ms without children)
			ImportInProcess: 447.416ms
			UpdateCategorizedAssets: 0.316ms
		CompileScripts: 21507.940ms
		ReloadNativeAssets: 0.001ms
		UnloadImportedAssets: 45.791ms
		ReloadImportedAssets: 82.342ms
		EnsureUptoDateAssetsAreRegisteredWithGuidPM: 3.384ms
		InitializingProgressBar: 0.022ms
		PostProcessAllAssetNotificationsAddChangedAssets: 0.002ms
		OnDemandSchedulerStart: 1.499ms
	PostProcessAllAssets: 939.355ms
	Hotreload: 37.188ms
	GatherAllCurrentPrimaryArtifactRevisions: 0.001ms
	UnloadStreamsBegin: 0.625ms
	PersistCurrentRevisions: 0.724ms
	UnloadStreamsEnd: 0.082ms
	GenerateScriptTypeHashes: 2.032ms
	Untracked: 88657.404ms
Application.AssetDatabase Initial Refresh End
Launched and connected shader compiler UnityShaderCompiler.exe after 0.15 seconds
Scanning for USB devices : 12.184ms
Initializing Unity extensions:
[Licensing::Client] Successfully resolved entitlement details
[Licensing::Module] Serial number assigned to: "F4-UAW6-NCEM-YFTP-3WHD-XXXX"
[Licensing::Module] Serial number assigned to: "11270023213162-UnityPersXXXX"
[MODES] ModeService[none].Initialize
[MODES] ModeService[none].LoadModes
[MODES] Loading mode Default (0) for mode-current-id-UnityTemplate
[PhysX] Initialized MultithreadedTaskDispatcher with 16 workers.
ProgressiveSceneManager::Cancel()
Unloading 3 Unused Serialized files (Serialized files now loaded: 0)
Unloading 161 unused Assets / (0.5 MB). Loaded Objects now: 5334.
Memory consumption went from 162.0 MB to 161.5 MB.
Total: 12.424000 ms (FindLiveObjects: 0.495200 ms CreateObjectMapping: 0.436500 ms MarkObjects: 10.973100 ms  DeleteObjects: 0.517300 ms)


UnityEngine.StackTraceUtility:ExtractStackTrace ()
UnityEngine.DebugLogHandler:LogFormat (UnityEngine.LogType,UnityEngine.Object,string,object[])
UnityEngine.Logger:Log (UnityEngine.LogType,object)
UnityEngine.Debug:Log (object)
ParrotCode.Platforms.PlatformBuildPreProcessor:OnPreprocessBuild (UnityEditor.Build.Reporting.BuildReport) (at C:/Users/hlula/Documents/Work/Repos/2026/ParrotCode/Projects/ParrotCodePlatformEditor/Code/Editor/PlatformBuildPreProcessor.cs:46)
UnityEditor.Build.BuildPipelineInterfaces/<>c__DisplayClass16_0:<OnBuildPreProcess>b__1 (UnityEditor.Build.IPreprocessBuildWithReport)
UnityEditor.Build.BuildPipelineInterfaces:InvokeCallbackInterfacesPair<UnityEditor.Build.IPreprocessBuild, UnityEditor.Build.IPreprocessBuildWithReport> (System.Collections.Generic.List`1<UnityEditor.Build.IPreprocessBuild>,System.Action`1<UnityEditor.Build.IPreprocessBuild>,System.Collections.Generic.List`1<UnityEditor.Build.IPreprocessBuildWithReport>,System.Action`1<UnityEditor.Build.IPreprocessBuildWithReport>,bool)
UnityEditor.Build.BuildPipelineInterfaces:OnBuildPreProcess (UnityEditor.Build.Reporting.BuildReport)
UnityEditor.BuildPipeline:BuildPlayerInternal (string[],string,string,UnityEditor.BuildTargetGroup,UnityEditor.BuildTarget,int,UnityEditor.BuildOptions,string[])
UnityEditor.BuildPipeline:BuildPlayer (string[],string,string,UnityEditor.BuildTargetGroup,UnityEditor.BuildTarget,int,UnityEditor.BuildOptions,string[])
UnityEditor.BuildPipeline:BuildPlayer (UnityEditor.BuildPlayerOptions)
ParrotCode.Platforms.ProjectBuilder:BuildPlayer () (at C:/Users/hlula/Documents/Work/Repos/2026/ParrotCode/Projects/ParrotCodePlatformEditor/Code/Editor/ProjectBuilder.cs:71)

(Filename: C:/Users/hlula/Documents/Work/Repos/2026/ParrotCode/Projects/ParrotCodePlatformEditor/Code/Editor/PlatformBuildPreProcessor.cs Line: 46)

[ServicesCore]: To use Unity's dashboard services, you need to link your Unity project to a project ID. To do this, go to Project Settings to select your organization, select your project and then link a project ID. You also need to make sure your organization has access to the required products. Visit https://dashboard.unity3d.com to sign up.
UnityEngine.StackTraceUtility:ExtractStackTrace ()
UnityEngine.DebugLogHandler:LogFormat (UnityEngine.LogType,UnityEngine.Object,string,object[])
UnityEngine.Logger:LogWarning (string,object)
Unity.Services.Core.Internal.CoreLogger:LogWarning (object) (at ./Library/PackageCache/com.unity.services.core@1.14.0/Runtime/Core.Internal/Logging/CoreLogger.cs:15)
Unity.Services.Core.Editor.ProjectUnlinkBuildWarning:OnPreprocessBuild (UnityEditor.Build.Reporting.BuildReport) (at ./Library/PackageCache/com.unity.services.core@1.14.0/Editor/Core/Build/ProjectUnlinkBuildWarning.cs:29)
UnityEditor.Build.BuildPipelineInterfaces/<>c__DisplayClass16_0:<OnBuildPreProcess>b__1 (UnityEditor.Build.IPreprocessBuildWithReport)
UnityEditor.Build.BuildPipelineInterfaces:InvokeCallbackInterfacesPair<UnityEditor.Build.IPreprocessBuild, UnityEditor.Build.IPreprocessBuildWithReport> (System.Collections.Generic.List`1<UnityEditor.Build.IPreprocessBuild>,System.Action`1<UnityEditor.Build.IPreprocessBuild>,System.Collections.Generic.List`1<UnityEditor.Build.IPreprocessBuildWithReport>,System.Action`1<UnityEditor.Build.IPreprocessBuildWithReport>,bool)
UnityEditor.Build.BuildPipelineInterfaces:OnBuildPreProcess (UnityEditor.Build.Reporting.BuildReport)
UnityEditor.BuildPipeline:BuildPlayerInternal (string[],string,string,UnityEditor.BuildTargetGroup,UnityEditor.BuildTarget,int,UnityEditor.BuildOptions,string[])
UnityEditor.BuildPipeline:BuildPlayer (string[],string,string,UnityEditor.BuildTargetGroup,UnityEditor.BuildTarget,int,UnityEditor.BuildOptions,string[])
UnityEditor.BuildPipeline:BuildPlayer (UnityEditor.BuildPlayerOptions)
ParrotCode.Platforms.ProjectBuilder:BuildPlayer () (at C:/Users/hlula/Documents/Work/Repos/2026/ParrotCode/Projects/ParrotCodePlatformEditor/Code/Editor/ProjectBuilder.cs:71)

(Filename: ./Library/PackageCache/com.unity.services.core@1.14.0/Editor/Core/Build/ProjectUnlinkBuildWarning.cs Line: 29)

Start importing ProjectSettings/EditorBuildSettings.asset using Guid(0000000000000000b000000000000000) Importer(-1,00000000000000000000000000000000) [PhysX] Initialized MultithreadedTaskDispatcher with 16 workers.
 -> (artifact id: 'b40682561339b26feb90a91fa373ff9e') in 0.004343 seconds
Start importing ProjectSettings/UnityConnectSettings.asset using Guid(0000000000000000a100000000000000) Importer(-1,00000000000000000000000000000000) [PhysX] Initialized MultithreadedTaskDispatcher with 16 workers.
 -> (artifact id: '751ea97dea4b7be99f4598e1eb1c0f1b') in 0.003340 seconds
Refreshing native plugins compatible for Editor in 31.03 ms, found 2 plugins.
Preloading 0 native plugins for Editor in 0.00 ms.
Asset Pipeline Refresh (id=4c80641e01199144aa4f137e17e2a1ce): Total: 0.101 seconds - Initiated by StopAssetImportingV2(NoUpdateAssetOptions)
DisplayProgressbar: Checking prerequisites
PlayerSettings->Active Input Handling is set to Both, this is unsupported on Android and might cause issues with input and application performance. Please choose only one active input handling.
UnityEngine.StackTraceUtility:ExtractStackTrace ()
UnityEngine.DebugLogHandler:LogFormat (UnityEngine.LogType,UnityEngine.Object,string,object[])
UnityEngine.Logger:Log (UnityEngine.LogType,object)
UnityEngine.Debug:LogWarning (object)
UnityEditor.Android.PostProcessor.Tasks.CheckPrerequisites:ValidateInputHandling () (at /home/bokken/build/output/unity/unity/PlatformDependent/AndroidPlayer/Editor/Managed/PostProcessor/Tasks/CheckPrerequisites.cs:122)
UnityEditor.Android.PostProcessor.Tasks.CheckPrerequisites:Execute (UnityEditor.Android.PostProcessor.PostProcessorContext) (at /home/bokken/build/output/unity/unity/PlatformDependent/AndroidPlayer/Editor/Managed/PostProcessor/Tasks/CheckPrerequisites.cs:55)
UnityEditor.Android.PostProcessor.PostProcessRunner:RunAllTasks (UnityEditor.Android.PostProcessor.PostProcessorContext) (at /home/bokken/build/output/unity/unity/PlatformDependent/AndroidPlayer/Editor/Managed/PostProcessor/AndroidPostProcessor.cs:112)
UnityEditor.Android.PostProcessAndroidPlayer:PrepareForBuild (UnityEditor.BuildPlayerOptions) (at /home/bokken/build/output/unity/unity/PlatformDependent/AndroidPlayer/Editor/Managed/PostProcessAndroidPlayer.cs:58)
UnityEditor.Android.AndroidBuildPostprocessor:PrepareForBuild (UnityEditor.BuildPlayerOptions) (at /home/bokken/build/output/unity/unity/PlatformDependent/AndroidPlayer/Editor/Managed/ExtensionModule.cs:1004)
UnityEditor.PostprocessBuildPlayer:PrepareForBuild (UnityEditor.BuildPlayerOptions)
UnityEditor.BuildPipeline:BuildPlayerInternal (string[],string,string,UnityEditor.BuildTargetGroup,UnityEditor.BuildTarget,int,UnityEditor.BuildOptions,string[])
UnityEditor.BuildPipeline:BuildPlayer (string[],string,string,UnityEditor.BuildTargetGroup,UnityEditor.BuildTarget,int,UnityEditor.BuildOptions,string[])
UnityEditor.BuildPipeline:BuildPlayer (UnityEditor.BuildPlayerOptions)
ParrotCode.Platforms.ProjectBuilder:BuildPlayer () (at C:/Users/hlula/Documents/Work/Repos/2026/ParrotCode/Projects/ParrotCodePlatformEditor/Code/Editor/ProjectBuilder.cs:71)

(Filename: /home/bokken/build/output/unity/unity/PlatformDependent/AndroidPlayer/Editor/Managed/PostProcessor/Tasks/CheckPrerequisites.cs Line: 122)

Android PostProcess task "Checking prerequisites" took 9,1494 ms
DisplayProgressbar: Detect Java Development Kit (JDK)
Android PostProcess task "Detect Java Development Kit (JDK)" took 197,8071 ms
DisplayProgressbar: Detecting Android SDK
AndroidSDKTools:

	root          : C:\Program Files\Unity\Hub\Editor\2022.3.62f3\Editor\Data\PlaybackEngines\AndroidPlayer\SDK
	cmdline-tools : C:\Program Files\Unity\Hub\Editor\2022.3.62f3\Editor\Data\PlaybackEngines\AndroidPlayer\SDK\cmdline-tools\6.0
	platform-tools: C:\Program Files\Unity\Hub\Editor\2022.3.62f3\Editor\Data\PlaybackEngines\AndroidPlayer\SDK\platform-tools
	build-tools   : C:\Program Files\Unity\Hub\Editor\2022.3.62f3\Editor\Data\PlaybackEngines\AndroidPlayer\SDK\build-tools\34.0.0

	adb           : C:\Program Files\Unity\Hub\Editor\2022.3.62f3\Editor\Data\PlaybackEngines\AndroidPlayer\SDK\platform-tools\adb.exe

Android PostProcess task "Detecting Android SDK" took 6298,9361 ms
DisplayProgressbar: Detect Android NDK
Android PostProcess task "Detect Android NDK" took 21,937 ms
Android PostProcess task "Trying to find a suitable Android device" took 0,8194 ms
DisplayProgressbar: Checking Graphics API compatibility
Android PostProcess task "Checking Graphics API compatibility" took 59,9442 ms
DisplayProgressbar: Check resources
Android PostProcess task "Check resources" took 0,7625 ms
DisplayProgressbar: Check Android Player Settings
Android PostProcess task "Check Android Player Settings" took 0,6457 ms
Starting: C:\Program Files\Unity\Hub\Editor\2022.3.62f3\Editor\Data\bee_backend.exe --ipc --defer-dag-verification --dagfile="Library/Bee/1300b0aEDbgSkipCompile.dag" --continue-on-failure --profile="Library/Bee/backend1.traceevents" ScriptAssembliesAndTypeDB
WorkingDir: C:/Users/hlula/AppData/Local/Temp/UnityTemplate
ExitCode: 4 Duration: 0s55ms
[             ] Require frontend run.  Library/Bee/1300b0aEDbgSkipCompile.dag couldn't be loaded
DisplayProgressbar: Compiling Scripts
Starting: C:\Program Files\Unity\Hub\Editor\2022.3.62f3\Editor\Data\Tools\netcorerun\netcorerun.exe "C:\Program Files\Unity\Hub\Editor\2022.3.62f3\Editor\Data\Tools\BuildPipeline\ScriptCompilationBuildProgram.exe" "Library/Bee/1300b0aEDbgSkipCompile.dag.json" "Library/Bee/1300b0aEDbgSkipCompile-inputdata.json" "Library\Bee\buildprogram0.traceevents"
WorkingDir: C:/Users/hlula/AppData/Local/Temp/UnityTemplate
ExitCode: 0 Duration: 0s325ms
Starting: C:\Program Files\Unity\Hub\Editor\2022.3.62f3\Editor\Data\bee_backend.exe --ipc --defer-dag-verification --dagfile="Library/Bee/1300b0aEDbgSkipCompile.dag" --continue-on-failure --dagfilejson="Library\Bee\1300b0aEDbgSkipCompile.dag.json" --profile="Library/Bee/backend2.traceevents" ScriptAssembliesAndTypeDB
WorkingDir: C:/Users/hlula/AppData/Local/Temp/UnityTemplate
ExitCode: 0 Duration: 2s164ms
Finished compiling graph: 5 nodes, 7 flattened edges (7 ToBuild, 0 ToUse), maximum node priority 5
[3/4        2s] BuildPlayerDataGenerator Library/BuildPlayerData/Editor/TypeDb-All.json
*** Tundra build success (2.13 seconds), 1 items updated, 4 evaluated
Asset Pipeline Refresh (id=a586ed1c3950bc04bb51ef557dcd528c): Total: 0.011 seconds - Initiated by RefreshV2(NoUpdateAssetOptions)
[ScriptCompilation] Requested script compilation because: Recompiling scripts for player build.
BuildPlayer: start building target 13
Starting: C:\Program Files\Unity\Hub\Editor\2022.3.62f3\Editor\Data\bee_backend.exe --ipc --defer-dag-verification --dagfile="Library/Bee/1300b0aPDevDbg.dag" --continue-on-failure --profile="Library/Bee/backend1.traceevents" ScriptAssembliesAndTypeDB
WorkingDir: C:/Users/hlula/AppData/Local/Temp/UnityTemplate
Starting: C:\Program Files\Unity\Hub\Editor\2022.3.62f3\Editor\Data\Tools\netcorerun\netcorerun.exe "C:\Program Files\Unity\Hub\Editor\2022.3.62f3\Editor\Data\Tools\BuildPipeline\ScriptCompilationBuildProgram.exe" "Library/Bee/1300b0aPDevDbg.dag.json" "Library/Bee/1300b0aPDevDbg-inputdata.json" "Library\Bee\buildprogram0.traceevents"
WorkingDir: C:/Users/hlula/AppData/Local/Temp/UnityTemplate
ExitCode: 4 Duration: 1s402ms
[373/469    0s] CopyFiles Library/Bee/PlayerScriptAssemblies/Unity.Analytics.DataPrivacy.dll
[374/469    0s] CopyFiles Library/Bee/PlayerScriptAssemblies/UnityEngine.UI.pdb
[375/469    0s] CopyFiles Library/Bee/PlayerScriptAssemblies/Unity.ScriptableBuildPipeline.dll
[376/469    0s] CopyFiles Library/Bee/PlayerScriptAssemblies/UnityEngine.SpatialTracking.dll
[378/469    0s] CopyFiles Library/Bee/PlayerScriptAssemblies/Unity.AI.Navigation.dll
[380/469    0s] CopyFiles Library/Bee/PlayerScriptAssemblies/UnityEngine.Purchasing.WinRTCore.dll
[382/469    0s] CopyFiles Library/Bee/PlayerScriptAssemblies/Unity.Services.Core.dll
[383/469    0s] CopyFiles Library/Bee/PlayerScriptAssemblies/Unity.Services.Core.Environments.dll
[385/469    0s] CopyFiles Library/Bee/PlayerScriptAssemblies/Unity.InputSystem.dll
[386/469    0s] CopyFiles Library/Bee/PlayerScriptAssemblies/UnityEngine.UI.dll
[387/469    0s] CopyFiles Library/Bee/PlayerScriptAssemblies/UnityEngine.Purchasing.AppleStub.dll
[388/469    0s] CopyFiles Library/Bee/PlayerScriptAssemblies/Unity.TextMeshPro.dll
[389/469    0s] CopyFiles Library/Bee/PlayerScriptAssemblies/UnityEngine.Purchasing.dll
[390/469    0s] CopyFiles Library/Bee/PlayerScriptAssemblies/Unity.InternalAPIEngineBridge.013.dll
[391/469    0s] CopyFiles Library/Bee/PlayerScriptAssemblies/Unity.Services.Core.Components.dll
[392/469    0s] CopyFiles Library/Bee/PlayerScriptAssemblies/Unity.Services.Core.Registration.dll
[393/469    0s] CopyFiles Library/Bee/PlayerScriptAssemblies/Unity.Services.Core.Telemetry.dll
[394/469    0s] CopyFiles Library/Bee/PlayerScriptAssemblies/Unity.Services.Core.Networking.dll
[395/469    0s] CopyFiles Library/Bee/PlayerScriptAssemblies/UnityEngine.Purchasing.Stores.dll
[396/469    0s] CopyFiles Library/Bee/PlayerScriptAssemblies/UnityEngine.Purchasing.Codeless.dll
[397/469    0s] CopyFiles Library/Bee/PlayerScriptAssemblies/Unity.Services.Core.Analytics.dll
[398/469    0s] CopyFiles Library/Bee/PlayerScriptAssemblies/Assembly-CSharp.dll
[399/469    0s] CopyFiles Library/Bee/PlayerScriptAssemblies/Unity.XR.Interaction.Toolkit.dll
[400/469    0s] CopyFiles Library/Bee/PlayerScriptAssemblies/Unity.Mathematics.dll
[401/469    0s] CopyFiles Library/Bee/PlayerScriptAssemblies/Unity.Services.Core.Configuration.dll
[402/469    0s] CopyFiles Library/Bee/PlayerScriptAssemblies/Unity.Addressables.dll
[403/469    0s] CopyFiles Library/Bee/PlayerScriptAssemblies/UnityEngine.Purchasing.SecurityCore.dll
[404/469    0s] CopyFiles Library/Bee/PlayerScriptAssemblies/UnityEngine.Purchasing.AppleMacosStub.dll
[405/469    0s] CopyFiles Library/Bee/PlayerScriptAssemblies/UnityEngine.Purchasing.AppleCore.dll
[406/469    0s] CopyFiles Library/Bee/PlayerScriptAssemblies/UnityEngine.Purchasing.WinRTStub.dll
[407/469    0s] CopyFiles Library/Bee/PlayerScriptAssemblies/Unity.Services.Core.Scheduler.dll
[408/469    0s] CopyFiles Library/Bee/PlayerScriptAssemblies/Unity.Services.Core.Device.dll
[409/469    0s] CopyFiles Library/Bee/PlayerScriptAssemblies/Unity.Services.Core.Internal.dll
[410/469    0s] CopyFiles Library/Bee/PlayerScriptAssemblies/Purchasing.Common.dll
[411/469    0s] CopyFiles Library/Bee/PlayerScriptAssemblies/Unity.XR.CoreUtils.dll
[412/469    0s] CopyFiles Library/Bee/PlayerScriptAssemblies/Unity.Services.Core.Environments.Internal.dll
[413/469    0s] CopyFiles Library/Bee/PlayerScriptAssemblies/Unity.Localization.dll
[414/469    0s] CopyFiles Library/Bee/PlayerScriptAssemblies/Unity.InputSystem.ForUI.dll
[415/469    0s] CopyFiles Library/Bee/PlayerScriptAssemblies/Unity.Services.Analytics.dll
[416/469    0s] CopyFiles Library/Bee/PlayerScriptAssemblies/Unity.Services.Core.Threading.dll
[417/469    0s] CopyFiles Library/Bee/PlayerScriptAssemblies/Unity.XR.Interaction.Toolkit.pdb
[418/469    0s] CopyFiles Library/Bee/PlayerScriptAssemblies/Assembly-CSharp.pdb
[419/469    0s] CopyFiles Library/Bee/PlayerScriptAssemblies/Unity.Services.Core.Configuration.pdb
[420/469    0s] CopyFiles Library/Bee/PlayerScriptAssemblies/UnityEngine.Purchasing.AppleMacosStub.pdb
[421/469    0s] CopyFiles Library/Bee/PlayerScriptAssemblies/Unity.XR.Management.dll
[422/469    0s] CopyFiles Library/Bee/PlayerScriptAssemblies/Unity.ResourceManager.dll
[423/469    0s] CopyFiles Library/Bee/PlayerScriptAssemblies/Unity.Timeline.dll
[424/469    0s] CopyFiles Library/Bee/PlayerScriptAssemblies/UnityEngine.Purchasing.pdb
[425/469    0s] CopyFiles Library/Bee/PlayerScriptAssemblies/UnityEngine.XR.LegacyInputHelpers.dll
[426/469    0s] CopyFiles Library/Bee/PlayerScriptAssemblies/UnityEngine.Advertisements.dll
[427/469    0s] CopyFiles Library/Bee/PlayerScriptAssemblies/UnityEngine.Purchasing.AppleCore.pdb
[428/469    0s] CopyFiles Library/Bee/PlayerScriptAssemblies/Unity.Services.Core.Device.pdb
[429/469    0s] CopyFiles Library/Bee/PlayerScriptAssemblies/Unity.Services.Core.Telemetry.pdb
[430/469    0s] CopyFiles Library/Bee/PlayerScriptAssemblies/UnityEngine.Purchasing.Security.dll
[431/469    0s] CopyFiles Library/Bee/PlayerScriptAssemblies/Unity.Services.Core.Registration.pdb
[432/469    0s] CopyFiles Library/Bee/PlayerScriptAssemblies/Unity.Services.Core.Threading.pdb
[433/469    0s] CopyFiles Library/Bee/PlayerScriptAssemblies/Unity.Services.Core.Environments.Internal.pdb
[434/469    0s] CopyFiles Library/Bee/PlayerScriptAssemblies/UnityEngine.Purchasing.Codeless.pdb
[435/469    0s] CopyFiles Library/Bee/PlayerScriptAssemblies/UnityEngine.Purchasing.Stores.pdb
[436/469    0s] CopyFiles Library/Bee/PlayerScriptAssemblies/Unity.Services.Core.Networking.pdb
[437/469    0s] CopyFiles Library/Bee/PlayerScriptAssemblies/Unity.Services.Core.Components.pdb
[438/469    0s] CopyFiles Library/Bee/PlayerScriptAssemblies/UnityEngine.Purchasing.Security.pdb
[439/469    0s] CopyFiles Library/Bee/PlayerScriptAssemblies/UnityEngine.XR.LegacyInputHelpers.pdb
[440/469    0s] CopyFiles Library/Bee/PlayerScriptAssemblies/Unity.Services.Core.Scheduler.pdb
[441/469    0s] CopyFiles Library/Bee/PlayerScriptAssemblies/Unity.Localization.pdb
[442/469    0s] CopyFiles Library/Bee/PlayerScriptAssemblies/Unity.Services.Analytics.pdb
[443/469    0s] CopyFiles Library/Bee/PlayerScriptAssemblies/Unity.Services.Core.Environments.pdb
[444/469    0s] CopyFiles Library/Bee/PlayerScriptAssemblies/Unity.XR.CoreUtils.pdb
[445/469    0s] CopyFiles Library/Bee/PlayerScriptAssemblies/Unity.InputSystem.ForUI.pdb
[446/469    0s] CopyFiles Library/Bee/PlayerScriptAssemblies/Purchasing.Common.pdb
[447/469    0s] CopyFiles Library/Bee/PlayerScriptAssemblies/Unity.Analytics.DataPrivacy.pdb
[448/469    0s] CopyFiles Library/Bee/PlayerScriptAssemblies/Unity.Services.Core.Internal.pdb
[449/469    0s] CopyFiles Library/Bee/PlayerScriptAssemblies/Unity.ScriptableBuildPipeline.pdb
[450/469    0s] CopyFiles Library/Bee/PlayerScriptAssemblies/Unity.Addressables.pdb
[451/469    0s] CopyFiles Library/Bee/PlayerScriptAssemblies/UnityEngine.Purchasing.AppleStub.pdb
[452/469    0s] CopyFiles Library/Bee/PlayerScriptAssemblies/Unity.Services.Core.Analytics.pdb
[453/469    0s] CopyFiles Library/Bee/PlayerScriptAssemblies/Unity.InputSystem.pdb
[454/469    0s] CopyFiles Library/Bee/PlayerScriptAssemblies/UnityEngine.Purchasing.WinRTStub.pdb
[455/469    0s] CopyFiles Library/Bee/PlayerScriptAssemblies/UnityEngine.Advertisements.pdb
[456/469    0s] CopyFiles Library/Bee/PlayerScriptAssemblies/Unity.AI.Navigation.pdb
[457/469    0s] CopyFiles Library/Bee/PlayerScriptAssemblies/Unity.XR.Management.pdb
[458/469    0s] CopyFiles Library/Bee/PlayerScriptAssemblies/UnityEngine.Purchasing.WinRTCore.pdb
[459/469    0s] CopyFiles Library/Bee/PlayerScriptAssemblies/UnityEngine.SpatialTracking.pdb
[460/469    0s] CopyFiles Library/Bee/PlayerScriptAssemblies/Unity.TextMeshPro.pdb
[461/469    0s] CopyFiles Library/Bee/PlayerScriptAssemblies/Unity.Timeline.pdb
[462/469    0s] CopyFiles Library/Bee/PlayerScriptAssemblies/UnityEngine.Purchasing.SecurityCore.pdb
[463/469    0s] CopyFiles Library/Bee/PlayerScriptAssemblies/Unity.Mathematics.pdb
[464/469    0s] CopyFiles Library/Bee/PlayerScriptAssemblies/Unity.InternalAPIEngineBridge.013.pdb
[465/469    0s] CopyFiles Library/Bee/PlayerScriptAssemblies/Unity.Services.Core.pdb
[466/469    0s] CopyFiles Library/Bee/PlayerScriptAssemblies/Unity.ResourceManager.pdb
Rebuilding DAG because FileSignature timestamp changed: Library/Bee/1300b0aPDevDbg-inputdata.json
*** Tundra requires additional run (1.36 seconds), 90 items updated, 467 evaluated
ExitCode: 0 Duration: 0s423ms
Starting: C:\Program Files\Unity\Hub\Editor\2022.3.62f3\Editor\Data\bee_backend.exe --ipc --defer-dag-verification --dagfile="Library/Bee/1300b0aPDevDbg.dag" --continue-on-failure --dagfilejson="Library\Bee\1300b0aPDevDbg.dag.json" --profile="Library/Bee/backend2.traceevents" ScriptAssembliesAndTypeDB
WorkingDir: C:/Users/hlula/AppData/Local/Temp/UnityTemplate
ExitCode: 0 Duration: 1s697ms
Finished compiling graph: 470 nodes, 4787 flattened edges (4233 ToBuild, 90 ToUse), maximum node priority 286
[246/469    0s] WriteResponseFile Library/Bee/artifacts/rsp/4785370087603955865.rsp
[468/469    1s] BuildPlayerDataGenerator Library/BuildPlayerData/Player/RuntimeInitializeOnLoads.json (+1 other)
*** Tundra build success (1.66 seconds), 2 items updated, 469 evaluated
Not rebuilding Data files -- no changes
[Licensing::Client] Successfully resolved entitlement details
[Licensing::Module] Serial number assigned to: "F4-UAW6-NCEM-YFTP-3WHD-XXXX"
[Licensing::Module] Serial number assigned to: "11270023213162-UnityPersXXXX"
[Licensing::Client] Successfully resolved entitlement details
[Licensing::Module] Serial number assigned to: "F4-UAW6-NCEM-YFTP-3WHD-XXXX"
[Licensing::Module] Serial number assigned to: "11270023213162-UnityPersXXXX"
Asset Pipeline Refresh (id=7f5114e53cd541d4aa23e930dad9f905): Total: 0.064 seconds - Initiated by RefreshV2(NoUpdateAssetOptions)


Mono dependencies included in the build
Dependency assembly - ParrotCodeStandalone.dll
Dependency assembly - System.ServiceModel.Security.dll
Dependency assembly - System.IdentityModel.dll
Dependency assembly - System.Threading.Thread.dll
Dependency assembly - System.IO.Compression.dll
Dependency assembly - ParrotCodeInputSystem.dll
Dependency assembly - System.Reflection.Context.dll
Dependency assembly - Microsoft.Win32.Registry.dll
Dependency assembly - System.Reflection.Extensions.dll
Dependency assembly - System.Configuration.dll
Dependency assembly - System.Security.SecureString.dll
Dependency assembly - System.Runtime.Serialization.Json.dll
Dependency assembly - System.Data.Entity.dll
Dependency assembly - System.Web.RegularExpressions.dll
Dependency assembly - System.Console.dll
Dependency assembly - Unity.InternalAPIEngineBridge.013.dll
Dependency assembly - System.IO.FileSystem.Watcher.dll
Dependency assembly - System.Text.Encoding.CodePages.dll
Dependency assembly - UnityEngine.Advertisements.dll
Dependency assembly - System.Diagnostics.Contracts.dll
Dependency assembly - ParrotCodeUserInterface.dll
Dependency assembly - Unity.Timeline.dll
Dependency assembly - System.Diagnostics.TextWriterTraceListener.dll
Dependency assembly - System.IO.FileSystem.AccessControl.dll
Dependency assembly - System.Net.NameResolution.dll
Dependency assembly - System.DirectoryServices.Protocols.dll
Dependency assembly - System.Linq.Expressions.dll
Dependency assembly - System.Net.NetworkInformation.dll
Dependency assembly - Microsoft.Win32.Primitives.dll
Dependency assembly - System.IO.Pipes.dll
Dependency assembly - System.Xml.ReaderWriter.dll
Dependency assembly - System.Net.Cache.dll
Dependency assembly - System.Runtime.Loader.dll
Dependency assembly - System.Threading.Timer.dll
Dependency assembly - System.Threading.Overlapped.dll
Dependency assembly - System.Globalization.Calendars.dll
Dependency assembly - System.Collections.Specialized.dll
Dependency assembly - System.ServiceModel.NetTcp.dll
Dependency assembly - System.Security.Cryptography.OpenSsl.dll
Dependency assembly - Unity.XR.Interaction.Toolkit.dll
Dependency assembly - Microsoft.CSharp.dll
Dependency assembly - System.Configuration.Install.dll
Dependency assembly - System.Net.WebSockets.Client.dll
Dependency assembly - System.Dynamic.Runtime.dll
Dependency assembly - System.Linq.Parallel.dll
Dependency assembly - System.Memory.dll
Dependency assembly - System.Web.Services.dll
Dependency assembly - System.Linq.dll
Dependency assembly - System.Security.Cryptography.Algorithms.dll
Dependency assembly - Mono.Data.Tds.dll
Dependency assembly - System.Threading.dll
Dependency assembly - Mono.Data.Sqlite.dll
Dependency assembly - System.Data.SqlClient.dll
Dependency assembly - System.Drawing.Primitives.dll
Dependency assembly - Unity.Localization.dll
Dependency assembly - System.Resources.ResourceManager.dll
Dependency assembly - ParrotCodeEditorExtensions.dll
Dependency assembly - UnityEngine.UI.dll
Dependency assembly - Unity.Addressables.dll
Dependency assembly - System.Reflection.dll
Dependency assembly - System.Runtime.Serialization.Formatters.dll
Dependency assembly - Unity.Services.Core.Analytics.dll
Dependency assembly - System.Net.dll
Dependency assembly - System.IO.MemoryMappedFiles.dll
Dependency assembly - UnityEngine.Purchasing.Security.dll
Dependency assembly - System.ServiceModel.Web.dll
Dependency assembly - System.Runtime.Numerics.dll
Dependency assembly - System.ServiceProcess.dll
Dependency assembly - System.Web.ApplicationServices.dll
Dependency assembly - System.Net.Requests.dll
Dependency assembly - ParrotCodeNativeEditor.dll
Dependency assembly - System.Net.HttpListener.dll
Dependency assembly - UnityEngine.Purchasing.AppleCore.dll
Dependency assembly - System.Net.Mail.dll
Dependency assembly - System.Runtime.Serialization.Xml.dll
Dependency assembly - Assembly-CSharp.dll
Dependency assembly - System.DirectoryServices.dll
Dependency assembly - System.AppContext.dll
Dependency assembly - System.Net.Http.WebRequest.dll
Dependency assembly - System.Buffers.dll
Dependency assembly - System.Resources.Reader.dll
Dependency assembly - System.ComponentModel.Composition.dll
Dependency assembly - System.Diagnostics.Tools.dll
Dependency assembly - System.Core.dll
Dependency assembly - System.Messaging.dll
Dependency assembly - System.ServiceModel.Activation.dll
Dependency assembly - System.Runtime.Serialization.Formatters.Soap.dll
Dependency assembly - System.Threading.AccessControl.dll
Dependency assembly - System.Security.Cryptography.Csp.dll
Dependency assembly - System.Security.Cryptography.Cng.dll
Dependency assembly - System.Xml.XPath.XmlDocument.dll
Dependency assembly - System.ComponentModel.DataAnnotations.dll
Dependency assembly - System.Reflection.Primitives.dll
Dependency assembly - System.Collections.NonGeneric.dll
Dependency assembly - Accessibility.dll
Dependency assembly - System.Net.Ping.dll
Dependency assembly - System.Web.Extensions.dll
Dependency assembly - Unity.ScriptableBuildPipeline.dll
Dependency assembly - System.Security.Cryptography.Encryption.dll
Dependency assembly - Unity.TextMeshPro.dll
Dependency assembly - System.ServiceModel.Duplex.dll
Dependency assembly - System.Security.Cryptography.Encryption.ECDsa.dll
Dependency assembly - System.Xaml.dll
Dependency assembly - System.Data.Services.Client.dll
Dependency assembly - System.Linq.Queryable.dll
Dependency assembly - System.ServiceModel.Routing.dll
Dependency assembly - Purchasing.Common.dll
Dependency assembly - Unity.Services.Core.Networking.dll
Dependency assembly - System.IO.UnmanagedMemoryStream.dll
Dependency assembly - System.Text.Encoding.Extensions.dll
Dependency assembly - Unity.Services.Core.Configuration.dll
Dependency assembly - System.Security.AccessControl.dll
Dependency assembly - System.Windows.Forms.DataVisualization.dll
Dependency assembly - System.Net.WebHeaderCollection.dll
Dependency assembly - System.Reflection.Emit.ILGeneration.dll
Dependency assembly - System.Security.Principal.dll
Dependency assembly - UnityEngine.Purchasing.WinRTCore.dll
Dependency assembly - System.Numerics.dll
Dependency assembly - Unity.InputSystem.ForUI.dll
Dependency assembly - System.Net.WebSockets.dll
Dependency assembly - System.Runtime.Extensions.dll
Dependency assembly - System.Runtime.CompilerServices.VisualC.dll
Dependency assembly - System.Security.Cryptography.Encoding.dll
Dependency assembly - Unity.Services.Core.dll
Dependency assembly - System.Management.dll
Dependency assembly - System.Transactions.dll
Dependency assembly - System.Security.Cryptography.ProtectedData.dll
Dependency assembly - ParrotCodeAI.dll
Dependency assembly - System.Resources.Writer.dll
Dependency assembly - System.ServiceModel.Discovery.dll
Dependency assembly - System.Xml.XDocument.dll
Dependency assembly - Microsoft.Win32.Registry.AccessControl.dll
Dependency assembly - System.Drawing.dll
Dependency assembly - System.Data.DataSetExtensions.dll
Dependency assembly - System.ServiceModel.Primitives.dll
Dependency assembly - System.ValueTuple.dll
Dependency assembly - System.EnterpriseServices.dll
Dependency assembly - System.Runtime.Serialization.dll
Dependency assembly - Unity.AI.Navigation.dll
Dependency assembly - System.Runtime.Serialization.Primitives.dll
Dependency assembly - ParrotCodeAR.dll
Dependency assembly - System.Runtime.InteropServices.WindowsRuntime.dll
Dependency assembly - mscorlib.dll
Dependency assembly - System.Security.Cryptography.Hashing.dll
Dependency assembly - System.Resources.ReaderWriter.dll
Dependency assembly - System.Diagnostics.TraceSource.dll
Dependency assembly - System.Runtime.Remoting.dll
Dependency assembly - System.Data.dll
Dependency assembly - System.Net.Sockets.dll
Dependency assembly - System.ComponentModel.dll
Dependency assembly - System.Data.Services.dll
Dependency assembly - Unity.XR.CoreUtils.dll
Dependency assembly - System.Collections.Concurrent.dll
Dependency assembly - System.Diagnostics.Process.dll
Dependency assembly - UnityEngine.SpatialTracking.dll
Dependency assembly - Unity.Services.Core.Scheduler.dll
Dependency assembly - System.Web.DynamicData.dll
Dependency assembly - System.Xml.dll
Dependency assembly - System.Runtime.InteropServices.RuntimeInformation.dll
Dependency assembly - Unity.XR.Management.dll
Dependency assembly - System.Security.Cryptography.X509Certificates.dll
Dependency assembly - System.Threading.Tasks.dll
Dependency assembly - System.IO.FileSystem.Primitives.dll
Dependency assembly - System.Runtime.Handles.dll
Dependency assembly - Unity.Analytics.DataPrivacy.dll
Dependency assembly - ParrotCodeMultiplayer.dll
Dependency assembly - netstandard.dll
Dependency assembly - Unity.Services.Core.Threading.dll
Dependency assembly - System.IO.Compression.FileSystem.dll
Dependency assembly - System.Security.Principal.Windows.dll
Dependency assembly - System.Reflection.DispatchProxy.dll
Dependency assembly - System.ServiceModel.Internals.dll
Dependency assembly - System.Xml.Xsl.Primitives.dll
Dependency assembly - System.Security.Cryptography.Encryption.ECDiffieHellman.dll
Dependency assembly - System.Text.Encoding.dll
Dependency assembly - System.Net.Primitives.dll
Dependency assembly - System.Web.Extensions.Design.dll
Dependency assembly - System.Diagnostics.StackTrace.dll
Dependency assembly - System.IO.IsolatedStorage.dll
Dependency assembly - Unity.Services.Core.Components.dll
Dependency assembly - System.Diagnostics.TraceEvent.dll
Dependency assembly - Unity.Services.Core.Environments.dll
Dependency assembly - ParrotCodeHelpers.dll
Dependency assembly - System.Threading.Tasks.Extensions.dll
Dependency assembly - Unity.Services.Core.Registration.dll
Dependency assembly - System.IO.dll
Dependency assembly - System.Diagnostics.Debug.dll
Dependency assembly - System.Net.Utilities.dll
Dependency assembly - System.Runtime.dll
Dependency assembly - System.ObjectModel.dll
Dependency assembly - System.Xml.XPath.dll
Dependency assembly - System.Security.Cryptography.RandomNumberGenerator.dll
Dependency assembly - System.Security.Cryptography.Encryption.Aes.dll
Dependency assembly - System.Data.Linq.dll
Dependency assembly - System.Runtime.Caching.dll
Dependency assembly - System.Diagnostics.Tracing.dll
Dependency assembly - System.Runtime.InteropServices.dll
Dependency assembly - System.Security.Claims.dll
Dependency assembly - ParrotCodeIOS.dll
Dependency assembly - System.Design.dll
Dependency assembly - System.Numerics.Vectors.dll
Dependency assembly - ParrotCodeWebGL.dll
Dependency assembly - System.Runtime.DurableInstancing.dll
Dependency assembly - ParrotCodeNative.dll
Dependency assembly - System.ComponentModel.TypeConverter.dll
Dependency assembly - System.Security.Cryptography.Primitives.dll
Dependency assembly - System.Net.Http.dll
Dependency assembly - UnityEngine.Purchasing.SecurityCore.dll
Dependency assembly - UnityEngine.Purchasing.Codeless.dll
Dependency assembly - Unity.Services.Core.Device.dll
Dependency assembly - Unity.Services.Core.Environments.Internal.dll
Dependency assembly - System.Security.dll
Dependency assembly - System.ServiceModel.Http.dll
Dependency assembly - System.Windows.dll
Dependency assembly - UnityEngine.Purchasing.WinRTStub.dll
Dependency assembly - System.ComponentModel.Primitives.dll
Dependency assembly - Unity.Mathematics.dll
Dependency assembly - System.Threading.Tasks.Parallel.dll
Dependency assembly - System.IdentityModel.Selectors.dll
Dependency assembly - UnityEngine.XR.LegacyInputHelpers.dll
Dependency assembly - Unity.ResourceManager.dll
Dependency assembly - System.Security.Cryptography.Pkcs.dll
Dependency assembly - System.IO.FileSystem.DriveInfo.dll
Dependency assembly - System.ServiceModel.dll
Dependency assembly - System.Xml.XmlDocument.dll
Dependency assembly - System.Diagnostics.FileVersionInfo.dll
Dependency assembly - System.Reflection.Emit.dll
Dependency assembly - System.Drawing.Design.dll
Dependency assembly - UnityEngine.Purchasing.Stores.dll
Dependency assembly - System.Windows.Forms.dll
Dependency assembly - Unity.Services.Core.Internal.dll
Dependency assembly - System.Reflection.Emit.Lightweight.dll
Dependency assembly - System.Xml.Linq.dll
Dependency assembly - Unity.Services.Core.Telemetry.dll
Dependency assembly - System.Security.Cryptography.DeriveBytes.dll
Dependency assembly - ParrotCodeEventSystem.dll
Dependency assembly - Unity.Services.Analytics.dll
Dependency assembly - System.Text.RegularExpressions.dll
Dependency assembly - Newtonsoft.Json.dll
Dependency assembly - System.IO.Compression.ZipFile.dll
Dependency assembly - UnityEngine.Purchasing.AppleStub.dll
Dependency assembly - System.Globalization.Extensions.dll
Dependency assembly - ParrotCodeVR.dll
Dependency assembly - System.Web.dll
Dependency assembly - System.dll
Dependency assembly - System.Xml.Serialization.dll
Dependency assembly - System.Globalization.dll
Dependency assembly - System.ComponentModel.Annotations.dll
Dependency assembly - System.Net.ServicePoint.dll
Dependency assembly - System.Net.Security.dll
Dependency assembly - UnityEngine.Purchasing.dll
Dependency assembly - System.Xml.XPath.XDocument.dll
Dependency assembly - System.Threading.ThreadPool.dll
Dependency assembly - System.IO.FileSystem.dll
Dependency assembly - System.ServiceProcess.ServiceController.dll
Dependency assembly - ParrotCodeAudio.dll
Dependency assembly - System.Reflection.TypeExtensions.dll
Dependency assembly - System.Json.dll
Dependency assembly - Mono.Security.dll
Dependency assembly - System.Data.Common.dll
Dependency assembly - System.Security.Cryptography.RSA.dll
Dependency assembly - System.Collections.dll
Dependency assembly - ParrotCodeExtensions.dll
Dependency assembly - Unity.InputSystem.dll
Dependency assembly - UnityEngine.Purchasing.AppleMacosStub.dll
Dependency assembly - System.Xml.XmlSerializer.dll
Dependency assembly - System.Data.OracleClient.dll
Dependency assembly - System.Net.AuthenticationManager.dll
Dependency assembly - ParrotCodeAndroid.dll
Dependency assembly - System.ComponentModel.EventBasedAsync.dll
Dependency assembly - System.Security.Cryptography.Hashing.Algorithms.dll

DisplayProgressbar: Initializing
Android PostProcess task "Initializing" took 1,0483 ms
DisplayProgressbar: Check gradle project collisions
Android PostProcess task "Check gradle project collisions" took 1,5371 ms
DisplayProgressbar: Preparing banner
Android PostProcess task "Preparing banner" took 0,8393 ms
Starting: C:\Program Files\Unity\Hub\Editor\2022.3.62f3\Editor\Data\bee_backend.exe --ipc --dagfile="Library/Bee/Player3777a99b.dag" --profile="Library/Bee/backend1.traceevents" Player
WorkingDir: C:/Users/hlula/AppData/Local/Temp/UnityTemplate
DisplayProgressbar: Incremental Player Build
ExitCode: 0 Duration: 2s901ms
DisplayProgressbar: Calling IPostGenerateGradleAndroidProject callbacks
Calling IPostGenerateGradleAndroidProject callbacks on 'C:\Users\hlula\AppData\Local\Temp\UnityTemplate\Library\Bee\Android\Prj\IL2CPP\Gradle\unityLibrary':
    Call "Unity.XR.Management.AndroidManifest.Editor.AndroidManifestBuildEventReceiver.OnPostGenerateGradleAndroidProject" from assembly 'Unity.XR.Management.Editor'
No XR Manager settings found, manifest entries will not be updated.
UnityEngine.StackTraceUtility:ExtractStackTrace ()
UnityEngine.DebugLogHandler:LogFormat (UnityEngine.LogType,UnityEngine.Object,string,object[])
UnityEngine.Logger:Log (UnityEngine.LogType,object)
UnityEngine.Debug:LogWarning (object)
Unity.XR.Management.AndroidManifest.Editor.AndroidManifestProcessor:GetActiveLoaderList () (at ./Library/PackageCache/com.unity.xr.management@4.5.4/Editor/AndroidManifest/AndroidManifestProcessor.cs:164)
Unity.XR.Management.AndroidManifest.Editor.AndroidManifestProcessor:ProcessManifestRequirements (System.Collections.Generic.List`1<Unity.XR.Management.AndroidManifest.Editor.IAndroidManifestRequirementProvider>) (at ./Library/PackageCache/com.unity.xr.management@4.5.4/Editor/AndroidManifest/AndroidManifestProcessor.cs:49)
Unity.XR.Management.AndroidManifest.Editor.AndroidManifestBuildEventReceiver:OnPostGenerateGradleAndroidProject (string) (at ./Library/PackageCache/com.unity.xr.management@4.5.4/Editor/AndroidManifest/AndroidManifestBuildEventReceiver.cs:25)
UnityEditor.Android.PostProcessor.Tasks.ProcessGenerateProjectCallbacks:OnGeneratePlatformProjectPostprocess (string,bool) (at /home/bokken/build/output/unity/unity/PlatformDependent/AndroidPlayer/Editor/Managed/PostProcessor/Tasks/ProcessGenerateProjectCallbacks.cs:44)
UnityEditor.Android.PostProcessor.Tasks.ProcessGenerateProjectCallbacks:Execute (UnityEditor.Android.PostProcessor.PostProcessorContext) (at /home/bokken/build/output/unity/unity/PlatformDependent/AndroidPlayer/Editor/Managed/PostProcessor/Tasks/ProcessGenerateProjectCallbacks.cs:70)
UnityEditor.Android.PostProcessor.PostProcessRunner:RunAllTasks (UnityEditor.Android.PostProcessor.PostProcessorContext) (at /home/bokken/build/output/unity/unity/PlatformDependent/AndroidPlayer/Editor/Managed/PostProcessor/AndroidPostProcessor.cs:112)
UnityEditor.Android.PostProcessAndroidPlayer:PostProcess (UnityEditor.Modules.BuildPostProcessArgs,AndroidPlayerBuildProgram.Data.AndroidPlayerBuildProgramOutput) (at /home/bokken/build/output/unity/unity/PlatformDependent/AndroidPlayer/Editor/Managed/PostProcessAndroidPlayer.cs:255)
UnityEditor.Android.AndroidBuildPostprocessor:PostProcess (UnityEditor.Modules.BuildPostProcessArgs,UnityEditor.BuildProperties&) (at /home/bokken/build/output/unity/unity/PlatformDependent/AndroidPlayer/Editor/Managed/ExtensionModule.cs:230)
UnityEditor.PostprocessBuildPlayer:Postprocess (UnityEditor.BuildTargetGroup,UnityEditor.BuildTarget,int,string,string,string,int,int,UnityEditor.BuildOptions,UnityEditor.RuntimeClassRegistry,UnityEditor.Build.Reporting.BuildReport)
UnityEditor.BuildPipeline:BuildPlayerInternal (string[],string,string,UnityEditor.BuildTargetGroup,UnityEditor.BuildTarget,int,UnityEditor.BuildOptions,string[])
UnityEditor.BuildPipeline:BuildPlayer (string[],string,string,UnityEditor.BuildTargetGroup,UnityEditor.BuildTarget,int,UnityEditor.BuildOptions,string[])
UnityEditor.BuildPipeline:BuildPlayer (UnityEditor.BuildPlayerOptions)
ParrotCode.Platforms.ProjectBuilder:BuildPlayer () (at C:/Users/hlula/Documents/Work/Repos/2026/ParrotCode/Projects/ParrotCodePlatformEditor/Code/Editor/ProjectBuilder.cs:71)

(Filename: ./Library/PackageCache/com.unity.xr.management@4.5.4/Editor/AndroidManifest/AndroidManifestProcessor.cs Line: 164)

    Call "UnityEditor.Localization.Platform.Android.LocalizationBuildPlayerAndroid.OnPostGenerateGradleAndroidProject" from assembly 'Unity.Localization.Editor'
Could not find localization settings. Default will be used.
UnityEngine.StackTraceUtility:ExtractStackTrace ()
UnityEngine.DebugLogHandler:LogFormat (UnityEngine.LogType,UnityEngine.Object,string,object[])
UnityEngine.Logger:Log (UnityEngine.LogType,object)
UnityEngine.Debug:LogWarning (object)
UnityEngine.Localization.Settings.LocalizationSettings:GetOrCreateSettings () (at ./Library/PackageCache/com.unity.localization@1.4.5/Runtime/Settings/LocalizationSettings.cs:700)
UnityEngine.Localization.Settings.LocalizationSettings:get_Instance () (at ./Library/PackageCache/com.unity.localization@1.4.5/Runtime/Settings/LocalizationSettings.cs:134)
UnityEngine.Localization.Settings.LocalizationSettings:get_Metadata () (at ./Library/PackageCache/com.unity.localization@1.4.5/Runtime/Settings/LocalizationSettings.cs:176)
UnityEditor.Localization.Platform.Android.Player:AddLocalizationToAndroidGradleProject (string) (at ./Library/PackageCache/com.unity.localization@1.4.5/Editor/Platform/Android/Player.cs:58)
UnityEditor.Localization.Platform.Android.LocalizationBuildPlayerAndroid:OnPostGenerateGradleAndroidProject (string) (at ./Library/PackageCache/com.unity.localization@1.4.5/Editor/Platform/Android/BuildPlayerAndroid.cs:12)
UnityEditor.Android.PostProcessor.Tasks.ProcessGenerateProjectCallbacks:OnGeneratePlatformProjectPostprocess (string,bool) (at /home/bokken/build/output/unity/unity/PlatformDependent/AndroidPlayer/Editor/Managed/PostProcessor/Tasks/ProcessGenerateProjectCallbacks.cs:44)
UnityEditor.Android.PostProcessor.Tasks.ProcessGenerateProjectCallbacks:Execute (UnityEditor.Android.PostProcessor.PostProcessorContext) (at /home/bokken/build/output/unity/unity/PlatformDependent/AndroidPlayer/Editor/Managed/PostProcessor/Tasks/ProcessGenerateProjectCallbacks.cs:70)
UnityEditor.Android.PostProcessor.PostProcessRunner:RunAllTasks (UnityEditor.Android.PostProcessor.PostProcessorContext) (at /home/bokken/build/output/unity/unity/PlatformDependent/AndroidPlayer/Editor/Managed/PostProcessor/AndroidPostProcessor.cs:112)
UnityEditor.Android.PostProcessAndroidPlayer:PostProcess (UnityEditor.Modules.BuildPostProcessArgs,AndroidPlayerBuildProgram.Data.AndroidPlayerBuildProgramOutput) (at /home/bokken/build/output/unity/unity/PlatformDependent/AndroidPlayer/Editor/Managed/PostProcessAndroidPlayer.cs:255)
UnityEditor.Android.AndroidBuildPostprocessor:PostProcess (UnityEditor.Modules.BuildPostProcessArgs,UnityEditor.BuildProperties&) (at /home/bokken/build/output/unity/unity/PlatformDependent/AndroidPlayer/Editor/Managed/ExtensionModule.cs:230)
UnityEditor.PostprocessBuildPlayer:Postprocess (UnityEditor.BuildTargetGroup,UnityEditor.BuildTarget,int,string,string,string,int,int,UnityEditor.BuildOptions,UnityEditor.RuntimeClassRegistry,UnityEditor.Build.Reporting.BuildReport)
UnityEditor.BuildPipeline:BuildPlayerInternal (string[],string,string,UnityEditor.BuildTargetGroup,UnityEditor.BuildTarget,int,UnityEditor.BuildOptions,string[])
UnityEditor.BuildPipeline:BuildPlayer (string[],string,string,UnityEditor.BuildTargetGroup,UnityEditor.BuildTarget,int,UnityEditor.BuildOptions,string[])
UnityEditor.BuildPipeline:BuildPlayer (UnityEditor.BuildPlayerOptions)
ParrotCode.Platforms.ProjectBuilder:BuildPlayer () (at C:/Users/hlula/Documents/Work/Repos/2026/ParrotCode/Projects/ParrotCodePlatformEditor/Code/Editor/ProjectBuilder.cs:71)

(Filename: ./Library/PackageCache/com.unity.localization@1.4.5/Runtime/Settings/LocalizationSettings.cs Line: 700)

Android App Info has not been configured. Please add and configure `Android App Info` metadata to the Localization Settings in order to correctly support Localization on Android.
UnityEngine.StackTraceUtility:ExtractStackTrace ()
UnityEngine.DebugLogHandler:LogFormat (UnityEngine.LogType,UnityEngine.Object,string,object[])
UnityEngine.Logger:Log (UnityEngine.LogType,object)
UnityEngine.Debug:LogWarning (object)
UnityEditor.Localization.Platform.Android.Player:AddLocalizationToAndroidGradleProject (string) (at ./Library/PackageCache/com.unity.localization@1.4.5/Editor/Platform/Android/Player.cs:65)
UnityEditor.Localization.Platform.Android.LocalizationBuildPlayerAndroid:OnPostGenerateGradleAndroidProject (string) (at ./Library/PackageCache/com.unity.localization@1.4.5/Editor/Platform/Android/BuildPlayerAndroid.cs:12)
UnityEditor.Android.PostProcessor.Tasks.ProcessGenerateProjectCallbacks:OnGeneratePlatformProjectPostprocess (string,bool) (at /home/bokken/build/output/unity/unity/PlatformDependent/AndroidPlayer/Editor/Managed/PostProcessor/Tasks/ProcessGenerateProjectCallbacks.cs:44)
UnityEditor.Android.PostProcessor.Tasks.ProcessGenerateProjectCallbacks:Execute (UnityEditor.Android.PostProcessor.PostProcessorContext) (at /home/bokken/build/output/unity/unity/PlatformDependent/AndroidPlayer/Editor/Managed/PostProcessor/Tasks/ProcessGenerateProjectCallbacks.cs:70)
UnityEditor.Android.PostProcessor.PostProcessRunner:RunAllTasks (UnityEditor.Android.PostProcessor.PostProcessorContext) (at /home/bokken/build/output/unity/unity/PlatformDependent/AndroidPlayer/Editor/Managed/PostProcessor/AndroidPostProcessor.cs:112)
UnityEditor.Android.PostProcessAndroidPlayer:PostProcess (UnityEditor.Modules.BuildPostProcessArgs,AndroidPlayerBuildProgram.Data.AndroidPlayerBuildProgramOutput) (at /home/bokken/build/output/unity/unity/PlatformDependent/AndroidPlayer/Editor/Managed/PostProcessAndroidPlayer.cs:255)
UnityEditor.Android.AndroidBuildPostprocessor:PostProcess (UnityEditor.Modules.BuildPostProcessArgs,UnityEditor.BuildProperties&) (at /home/bokken/build/output/unity/unity/PlatformDependent/AndroidPlayer/Editor/Managed/ExtensionModule.cs:230)
UnityEditor.PostprocessBuildPlayer:Postprocess (UnityEditor.BuildTargetGroup,UnityEditor.BuildTarget,int,string,string,string,int,int,UnityEditor.BuildOptions,UnityEditor.RuntimeClassRegistry,UnityEditor.Build.Reporting.BuildReport)
UnityEditor.BuildPipeline:BuildPlayerInternal (string[],string,string,UnityEditor.BuildTargetGroup,UnityEditor.BuildTarget,int,UnityEditor.BuildOptions,string[])
UnityEditor.BuildPipeline:BuildPlayer (string[],string,string,UnityEditor.BuildTargetGroup,UnityEditor.BuildTarget,int,UnityEditor.BuildOptions,string[])
UnityEditor.BuildPipeline:BuildPlayer (UnityEditor.BuildPlayerOptions)
ParrotCode.Platforms.ProjectBuilder:BuildPlayer () (at C:/Users/hlula/Documents/Work/Repos/2026/ParrotCode/Projects/ParrotCodePlatformEditor/Code/Editor/ProjectBuilder.cs:71)

(Filename: ./Library/PackageCache/com.unity.localization@1.4.5/Editor/Platform/Android/Player.cs Line: 65)

Android PostProcess task "Calling IPostGenerateGradleAndroidProject callbacks" took 103,2447 ms
Android PostProcess task "Cloud Diagnostics Symbol Upload" took 0,5342 ms
DisplayProgressbar: Building Gradle project
Android PostProcess task "Building Gradle project" took 22748,1548 ms
DisplayProgressbar: Processing Mapping File
Android PostProcess task "Processing Mapping File" took 0,9077 ms
DisplayProgressbar: Moving output package(s)
Android PostProcess task "Moving output package(s)" took 24,8048 ms
Refreshing native plugins compatible for Editor in 37.99 ms, found 2 plugins.
Preloading 0 native plugins for Editor in 0.00 ms.

-------------------------------------------------------------------------------
Build Report
Information on used Assets is not available, since player data was not rebuilt.
Do a clean build to view the Asset build report information.
-------------------------------------------------------------------------------
Unloading 18 Unused Serialized files (Serialized files now loaded: 0)
Unloading 161 unused Assets / (1.1 MB). Loaded Objects now: 5355.
Memory consumption went from 137.8 MB to 136.7 MB.
Total: 15.775100 ms (FindLiveObjects: 0.690000 ms CreateObjectMapping: 0.341100 ms MarkObjects: 12.954500 ms  DeleteObjects: 1.786800 ms)

DisplayProgressNotification: Build Successful
Build Finished, Result: Success.
##utp:{"type":"PlayerBuildInfo","version":2,"phase":"Immediate","time":1783882616023,"processId":29248,"steps":[{"description":"Preprocess Player","duration":206},{"description":"Prepare For Build","duration":6605},{"description":"ProducePlayerScriptAssemblies","duration":6855},{"description":"Verify Build setup","duration":728},{"description":"Prepare assets for target platform","duration":104},{"description":"Prepare splash screen","duration":17},{"description":"Run script only build","duration":177},{"description":"Postprocess built player","duration":27110}],"duration":41802}
[PhysX] Initialized MultithreadedTaskDispatcher with 16 workers.
Unloading 0 Unused Serialized files (Serialized files now loaded: 0)
Loaded scene 'Temp/__Backupscenes/0.backup'
	Deserialize:            1.044 ms
	Integration:            24.159 ms
	Integration of assets:  0.003 ms
	Thread Wait Time:       0.014 ms
	Total Operation Time:   25.220 ms
Unloading 0 unused Assets / (0 B). Loaded Objects now: 5354.
Memory consumption went from 131.5 MB to 131.5 MB.
Total: 13.691700 ms (FindLiveObjects: 0.551900 ms CreateObjectMapping: 0.270700 ms MarkObjects: 12.828500 ms  DeleteObjects: 0.039000 ms)

Android build started time: 2026/07/12 6:56:12 PM
UnityEngine.StackTraceUtility:ExtractStackTrace ()
UnityEngine.DebugLogHandler:LogFormat (UnityEngine.LogType,UnityEngine.Object,string,object[])
UnityEngine.Logger:Log (UnityEngine.LogType,object)
UnityEngine.Debug:Log (object)
ParrotCode.Platforms.ProjectBuilder:BuildPlayer () (at C:/Users/hlula/Documents/Work/Repos/2026/ParrotCode/Projects/ParrotCodePlatformEditor/Code/Editor/ProjectBuilder.cs:73)

(Filename: C:/Users/hlula/Documents/Work/Repos/2026/ParrotCode/Projects/ParrotCodePlatformEditor/Code/Editor/ProjectBuilder.cs Line: 73)

Build total size: 655450172
UnityEngine.StackTraceUtility:ExtractStackTrace ()
UnityEngine.DebugLogHandler:LogFormat (UnityEngine.LogType,UnityEngine.Object,string,object[])
UnityEngine.Logger:Log (UnityEngine.LogType,object)
UnityEngine.Debug:Log (object)
ParrotCode.Platforms.ProjectBuilder:BuildPlayer () (at C:/Users/hlula/Documents/Work/Repos/2026/ParrotCode/Projects/ParrotCodePlatformEditor/Code/Editor/ProjectBuilder.cs:74)

(Filename: C:/Users/hlula/Documents/Work/Repos/2026/ParrotCode/Projects/ParrotCodePlatformEditor/Code/Editor/ProjectBuilder.cs Line: 74)

Build output path: C:/Users/hlula/Documents/Work/Sludgy Parrot/Builds/Unity Template.apk
UnityEngine.StackTraceUtility:ExtractStackTrace ()
UnityEngine.DebugLogHandler:LogFormat (UnityEngine.LogType,UnityEngine.Object,string,object[])
UnityEngine.Logger:Log (UnityEngine.LogType,object)
UnityEngine.Debug:Log (object)
ParrotCode.Platforms.ProjectBuilder:BuildPlayer () (at C:/Users/hlula/Documents/Work/Repos/2026/ParrotCode/Projects/ParrotCodePlatformEditor/Code/Editor/ProjectBuilder.cs:75)

(Filename: C:/Users/hlula/Documents/Work/Repos/2026/ParrotCode/Projects/ParrotCodePlatformEditor/Code/Editor/ProjectBuilder.cs Line: 75)

Android build completed time: 2026/07/12 6:56:54 PM
UnityEngine.StackTraceUtility:ExtractStackTrace ()
UnityEngine.DebugLogHandler:LogFormat (UnityEngine.LogType,UnityEngine.Object,string,object[])
UnityEngine.Logger:Log (UnityEngine.LogType,object)
UnityEngine.Debug:Log (object)
ParrotCode.Platforms.ProjectBuilder:BuildPlayer () (at C:/Users/hlula/Documents/Work/Repos/2026/ParrotCode/Projects/ParrotCodePlatformEditor/Code/Editor/ProjectBuilder.cs:76)

(Filename: C:/Users/hlula/Documents/Work/Repos/2026/ParrotCode/Projects/ParrotCodePlatformEditor/Code/Editor/ProjectBuilder.cs Line: 76)

Build results: Succeeded
UnityEngine.StackTraceUtility:ExtractStackTrace ()
UnityEngine.DebugLogHandler:LogFormat (UnityEngine.LogType,UnityEngine.Object,string,object[])
UnityEngine.Logger:Log (UnityEngine.LogType,object)
UnityEngine.Debug:Log (object)
ParrotCode.Platforms.ProjectBuilder:BuildPlayer () (at C:/Users/hlula/Documents/Work/Repos/2026/ParrotCode/Projects/ParrotCodePlatformEditor/Code/Editor/ProjectBuilder.cs:77)

(Filename: C:/Users/hlula/Documents/Work/Repos/2026/ParrotCode/Projects/ParrotCodePlatformEditor/Code/Editor/ProjectBuilder.cs Line: 77)

Build total warnings found: 5
UnityEngine.StackTraceUtility:ExtractStackTrace ()
UnityEngine.DebugLogHandler:LogFormat (UnityEngine.LogType,UnityEngine.Object,string,object[])
UnityEngine.Logger:Log (UnityEngine.LogType,object)
UnityEngine.Debug:Log (object)
ParrotCode.Platforms.ProjectBuilder:BuildPlayer () (at C:/Users/hlula/Documents/Work/Repos/2026/ParrotCode/Projects/ParrotCodePlatformEditor/Code/Editor/ProjectBuilder.cs:78)

(Filename: C:/Users/hlula/Documents/Work/Repos/2026/ParrotCode/Projects/ParrotCodePlatformEditor/Code/Editor/ProjectBuilder.cs Line: 78)

Build total errors found: 0
UnityEngine.StackTraceUtility:ExtractStackTrace ()
UnityEngine.DebugLogHandler:LogFormat (UnityEngine.LogType,UnityEngine.Object,string,object[])
UnityEngine.Logger:Log (UnityEngine.LogType,object)
UnityEngine.Debug:Log (object)
ParrotCode.Platforms.ProjectBuilder:BuildPlayer () (at C:/Users/hlula/Documents/Work/Repos/2026/ParrotCode/Projects/ParrotCodePlatformEditor/Code/Editor/ProjectBuilder.cs:79)

(Filename: C:/Users/hlula/Documents/Work/Repos/2026/ParrotCode/Projects/ParrotCodePlatformEditor/Code/Editor/ProjectBuilder.cs Line: 79)

Batchmode quit successfully invoked - shutting down!
Killing ADB server in 0,11737 seconds.
[PhysX] Initialized MultithreadedTaskDispatcher with 16 workers.
Input System module state changed to: ShutdownInProgress.
Input System polling thread exited.
Input System module state changed to: Shutdown.
[Licensing::IpcConnector] LicenseClient-hlula-notifications channel disconnected successfully.
[Licensing::IpcConnector] LicenseClient-hlula channel disconnected successfully.
Cleanup mono
[Performance] WinEditorMain                                                                                                                                :        1 samples, Peak.  3.80 s (1.0x), Avg.  3.80 s, Total. 3.795 s (2.3%)
[Performance] WinEditorMain.ConfigureCrashHandler                                                                                                          :        1 samples, Peak.  39.9 us (1.0x), Avg.  39.9 us, Total. 39.90 us (0.0%)
[Performance] WinEditorMain.CurlRequestInitialize                                                                                                          :        1 samples, Peak.  5.61 ms (1.0x), Avg.  5.61 ms, Total. 5.612 ms (0.0%)
[Performance] WinEditorMain.SetupLogFile                                                                                                                   :        1 samples, Peak.   662 us (1.0x), Avg.   662 us, Total. 661.5 us (0.0%)
[Performance] WinEditorMain.RunNativeTestsIfRequiredAndExit                                                                                                :        1 samples, Peak.   400 ns (1.0x), Avg.   400 ns, Total. 400.0 ns (0.0%)
[Performance] WinEditorMain.Licensing                                                                                                                      :        1 samples, Peak.  3.75 s (1.0x), Avg.  3.75 s, Total. 3.752 s (2.3%)
[Performance] WinEditorMain.InitializeCrashHandler                                                                                                         :        1 samples, Peak.  15.0 ms (1.0x), Avg.  15.0 ms, Total. 15.04 ms (0.0%)
[Performance] WinEditorMain.CreateApplication                                                                                                              :        1 samples, Peak.   632 us (1.0x), Avg.   632 us, Total. 632.3 us (0.0%)
[Performance] Application.InitializeProject                                                                                                                :        1 samples, Peak.   111 s (1.0x), Avg.   111 s, Total. 110.7 s (66.8%)
[Performance] Application.PackageManager.StartServer                                                                                                       :        1 samples, Peak.  8.80 ms (1.0x), Avg.  8.80 ms, Total. 8.800 ms (0.0%)
[Performance] Application.AcquireProjectLock                                                                                                               :        1 samples, Peak.  8.88 ms (1.0x), Avg.  8.88 ms, Total. 8.875 ms (0.0%)
[Performance] Application.InitializeEngineNoGraphics                                                                                                       :        1 samples, Peak.   289 ms (1.0x), Avg.   289 ms, Total. 289.1 ms (0.2%)
[Performance] Application.PackageManager.Initialize                                                                                                        :        1 samples, Peak.   690 ms (1.0x), Avg.   690 ms, Total. 690.4 ms (0.4%)
[Performance] Connecting to Package Manager                                                                                                                :       70 samples, Peak.   105 us (21.9x), Avg.  4.80 us, Total. 336.1 us (0.0%)
[Performance] Application.EngineGraphics.Initialize                                                                                                        :        1 samples, Peak.   531 ms (1.0x), Avg.   531 ms, Total. 531.1 ms (0.3%)
[Performance] Application.GI.Initialize                                                                                                                    :        1 samples, Peak.  50.8 ms (1.0x), Avg.  50.8 ms, Total. 50.83 ms (0.0%)
[Performance] Application.LoadAllDefaultResourcesFromEditor                                                                                                :        1 samples, Peak.  2.45 ms (1.0x), Avg.  2.45 ms, Total. 2.449 ms (0.0%)
[Performance] Application.LoadMonoAssemblies                                                                                                               :        1 samples, Peak.  2.45 s (1.0x), Avg.  2.45 s, Total. 2.450 s (1.5%)
[Performance] RestoreManagedReferences                                                                                                                     :        2 samples, Peak.  63.6 ms (2.0x), Avg.  31.8 ms, Total. 63.63 ms (0.0%)
[Performance] InitializeOnLoad DrivenRectTransformUndo                                                                                                     :        2 samples, Peak.   807 us (1.1x), Avg.   729 us, Total. 1.457 ms (0.0%)
[Performance] InitializeOnLoad SceneSearch                                                                                                                 :        2 samples, Peak.   150 us (1.1x), Avg.   141 us, Total. 281.8 us (0.0%)
[Performance] InitializeOnLoad CloudBuild                                                                                                                  :        2 samples, Peak.  5.70 us (1.1x), Avg.  5.30 us, Total. 10.60 us (0.0%)
[Performance] InitializeOnLoad NativeFormatImporterUtility                                                                                                 :        2 samples, Peak.  3.98 ms (1.1x), Avg.  3.53 ms, Total. 7.061 ms (0.0%)
[Performance] InitializeOnLoad SearchService                                                                                                               :        2 samples, Peak.   197 us (1.2x), Avg.   170 us, Total. 340.4 us (0.0%)
[Performance] InitializeOnLoad SettingsService                                                                                                             :        2 samples, Peak.  16.3 us (1.3x), Avg.  12.3 us, Total. 24.70 us (0.0%)
[Performance] InitializeOnLoad WindowLayout                                                                                                                :        2 samples, Peak.   399 us (1.2x), Avg.   342 us, Total. 685.0 us (0.0%)
[Performance] InitializeOnLoad AssetStoreContext                                                                                                           :        2 samples, Peak.  27.3 ms (1.7x), Avg.  15.8 ms, Total. 31.51 ms (0.0%)
[Performance] InitializeOnLoad PoolManager                                                                                                                 :        2 samples, Peak.   741 us (1.1x), Avg.   668 us, Total. 1.335 ms (0.0%)
[Performance] InitializeOnLoad MixerEffectDefinitionReloader                                                                                               :        2 samples, Peak.  4.40 ms (1.4x), Avg.  3.19 ms, Total. 6.384 ms (0.0%)
[Performance] InitializeOnLoad ProjectSearch                                                                                                               :        2 samples, Peak.   105 us (1.1x), Avg.  98.2 us, Total. 196.5 us (0.0%)
[Performance] InitializeOnLoad UISystemProfilerRenderService                                                                                               :        2 samples, Peak.  12.4 us (1.1x), Avg.  11.2 us, Total. 22.50 us (0.0%)
[Performance] InitializeOnLoad EditMode                                                                                                                    :        2 samples, Peak.   642 us (1.2x), Avg.   543 us, Total. 1.086 ms (0.0%)
[Performance] InitializeOnLoad UnityConnect                                                                                                                :        2 samples, Peak.   114 us (1.3x), Avg.  89.6 us, Total. 179.2 us (0.0%)
[Performance] InitializeOnLoad ManagedDebugger                                                                                                             :        2 samples, Peak.   833 us (1.1x), Avg.   728 us, Total. 1.457 ms (0.0%)
[Performance] InitializeOnLoad ShortcutIntegration                                                                                                         :        2 samples, Peak.   160 us (1.4x), Avg.   111 us, Total. 222.9 us (0.0%)
[Performance] InitializeOnLoad AddComponentWindow                                                                                                          :        2 samples, Peak.   155 us (1.1x), Avg.   146 us, Total. 292.5 us (0.0%)
[Performance] InitializeOnLoad ManagedDebuggerWindow                                                                                                       :        2 samples, Peak.   194 us (1.2x), Avg.   167 us, Total. 333.2 us (0.0%)
[Performance] InitializeOnLoad CacheServerWindow                                                                                                           :        2 samples, Peak.  12.1 us (1.1x), Avg.  11.3 us, Total. 22.60 us (0.0%)
[Performance] InitializeOnLoad PlayModeDownload                                                                                                            :        2 samples, Peak.  7.29 ms (2.0x), Avg.  3.73 ms, Total. 7.467 ms (0.0%)
[Performance] InitializeOnLoad MenuItems                                                                                                                   :        2 samples, Peak.   128 us (1.1x), Avg.   114 us, Total. 227.5 us (0.0%)
[Performance] InitializeOnLoad PrefabInstanceChangedListener                                                                                               :        2 samples, Peak.   206 us (1.2x), Avg.   176 us, Total. 352.4 us (0.0%)
[Performance] InitializeOnLoad ObjectSelectorSearch                                                                                                        :        2 samples, Peak.  60.7 us (1.0x), Avg.  58.7 us, Total. 117.5 us (0.0%)
[Performance] InitializeOnLoad EditorMonitor                                                                                                               :        2 samples, Peak.   829 us (1.3x), Avg.   653 us, Total. 1.306 ms (0.0%)
[Performance] InitializeOnLoad RetainedMode                                                                                                                :        2 samples, Peak.  2.61 ms (1.1x), Avg.  2.48 ms, Total. 4.955 ms (0.0%)
[Performance] InitializeOnLoad EditorShaderLoader                                                                                                          :        2 samples, Peak.   720 us (1.0x), Avg.   694 us, Total. 1.389 ms (0.0%)
[Performance] InitializeOnLoad EditorDelegateRegistration                                                                                                  :        2 samples, Peak.   699 us (1.2x), Avg.   565 us, Total. 1.129 ms (0.0%)
[Performance] InitializeOnLoad UIDocumentHierarchyWatcher                                                                                                  :        2 samples, Peak.  88.8 us (1.0x), Avg.  88.4 us, Total. 176.8 us (0.0%)
[Performance] InitializeOnLoad LiveReloadTrackerCreator                                                                                                    :        2 samples, Peak.   210 us (1.1x), Avg.   184 us, Total. 367.6 us (0.0%)
[Performance] InitializeOnLoad UxmlObjectEditorFactories                                                                                                   :        2 samples, Peak.   656 us (1.2x), Avg.   559 us, Total. 1.118 ms (0.0%)
[Performance] InitializeOnLoad UXMLEditorFactories                                                                                                         :        2 samples, Peak.  87.1 ms (1.1x), Avg.  77.3 ms, Total. 154.6 ms (0.1%)
[Performance] InitializeOnLoad PurchasingService                                                                                                           :        2 samples, Peak.  10.6 ms (1.1x), Avg.  9.94 ms, Total. 19.89 ms (0.0%)
[Performance] InitializeOnLoad CloudBuildPoller                                                                                                            :        2 samples, Peak.   177 us (1.1x), Avg.   162 us, Total. 323.8 us (0.0%)
[Performance] InitializeOnLoad EditorGameServicesAnalytics                                                                                                 :        2 samples, Peak.  1.63 ms (1.3x), Avg.  1.23 ms, Total. 2.467 ms (0.0%)
[Performance] InitializeOnLoad AnalyticsService                                                                                                            :        2 samples, Peak.   350 us (1.0x), Avg.   334 us, Total. 668.2 us (0.0%)
[Performance] InitializeOnLoad BuildService                                                                                                                :        2 samples, Peak.   210 us (1.1x), Avg.   192 us, Total. 384.4 us (0.0%)
[Performance] InitializeOnLoad AdsService                                                                                                                  :        2 samples, Peak.   570 us (1.0x), Avg.   548 us, Total. 1.097 ms (0.0%)
[Performance] InitializeOnLoad UDPService                                                                                                                  :        2 samples, Peak.   327 us (1.4x), Avg.   239 us, Total. 477.5 us (0.0%)
[Performance] InitializeOnLoad CrashService                                                                                                                :        2 samples, Peak.   246 us (1.3x), Avg.   191 us, Total. 382.6 us (0.0%)
[Performance] InitializeOnLoad ServicesRepository                                                                                                          :        2 samples, Peak.  1.20 us (1.2x), Avg.  1000 ns, Total. 2.000 us (0.0%)
[Performance] InitializeOnLoad SearchWindow                                                                                                                :        2 samples, Peak.   258 us (1.4x), Avg.   190 us, Total. 380.3 us (0.0%)
[Performance] InitializeOnLoad CustomIndexers                                                                                                              :        2 samples, Peak.  27.1 ms (1.1x), Avg.  25.1 ms, Total. 50.20 ms (0.0%)
[Performance] InitializeOnLoad SearchMonitor                                                                                                               :        2 samples, Peak.  1.54 ms (1.3x), Avg.  1.22 ms, Total. 2.443 ms (0.0%)
[Performance] InitializeOnLoad ParameterControllerEditor                                                                                                   :        2 samples, Peak.  25.8 us (1.1x), Avg.  24.0 us, Total. 47.90 us (0.0%)
[Performance] InitializeOnLoad LayerSettingsWindow                                                                                                         :        2 samples, Peak.  34.1 us (1.8x), Avg.  19.2 us, Total. 38.40 us (0.0%)
[Performance] InitializeOnLoad PackageManagerHookGUIDConverter.RegisterPackagesEventHandler                                                                :        2 samples, Peak.  1.13 ms (1.8x), Avg.   623 us, Total. 1.245 ms (0.0%)
[Performance] InitializeOnLoad EditorDragAndDrop.RegisterEditorClient                                                                                      :        2 samples, Peak.   644 us (1.2x), Avg.   520 us, Total. 1.040 ms (0.0%)
[Performance] InitializeOnLoad EditorEventCallbacks.InitializeFontAssetResourceChangeCallBacks                                                             :        2 samples, Peak.  3.17 ms (1.4x), Avg.  2.26 ms, Total. 4.520 ms (0.0%)
[Performance] InitializeOnLoad SceneTemplateService.Init                                                                                                   :        2 samples, Peak.  1.38 ms (1.0x), Avg.  1.34 ms, Total. 2.685 ms (0.0%)
[Performance] InitializeOnLoad DiagnosticSwitchesConsoleMessage.Init                                                                                       :        2 samples, Peak.  7.18 ms (1.8x), Avg.  3.93 ms, Total. 7.852 ms (0.0%)
[Performance] InitializeOnLoad PackageManagerWindow.EditorInitializedInSafeMode                                                                            :        2 samples, Peak.  49.6 ms (2.0x), Avg.  24.9 ms, Total. 49.77 ms (0.0%)
[Performance] InitializeOnLoad ToolShortcutContext.Init                                                                                                    :        2 samples, Peak.   272 us (1.2x), Avg.   218 us, Total. 436.2 us (0.0%)
[Performance] InitializeOnLoad MemoryProfilerCompilationGuard.InjectCompileGuard                                                                           :        2 samples, Peak.   409 us (1.4x), Avg.   285 us, Total. 570.7 us (0.0%)
[Performance] InitializeOnLoad AssetPostprocessingInternal.RefreshCustomDependencies                                                                       :        2 samples, Peak.  4.58 ms (1.6x), Avg.  2.93 ms, Total. 5.860 ms (0.0%)
[Performance] InitializeOnLoad SysrootManager.Initialize                                                                                                   :        2 samples, Peak.  30.4 us (1.1x), Avg.  28.0 us, Total. 56.00 us (0.0%)
[Performance] InitializeOnLoad ScopedRegistryAddedPopup.SubscribeToRegistriesAdded                                                                         :        2 samples, Peak.  9.97 ms (2.0x), Avg.  5.07 ms, Total. 10.15 ms (0.0%)
[Performance] InitializeOnLoad SceneVisibilityManager.Initialize                                                                                           :        2 samples, Peak.  3.67 ms (1.6x), Avg.  2.35 ms, Total. 4.698 ms (0.0%)
[Performance] InitializeOnLoad EditorWindow.Initialize                                                                                                     :        2 samples, Peak.   334 us (1.1x), Avg.   307 us, Total. 613.2 us (0.0%)
[Performance] AssemblyReloadEvents.afterAssemblyReload: UnityEditor.SceneTemplate.SceneTemplateService.AfterAssemblyReload                                 :        2 samples, Peak.  4.20 ms (1.8x), Avg.  2.32 ms, Total. 4.631 ms (0.0%)
[Performance] ProcessService.EditorAfterLoadAllAssemblies                                                                                                  :        2 samples, Peak.   552 us (1.1x), Avg.   499 us, Total. 997.6 us (0.0%)
[Performance] Application.ReadLicenseInfo                                                                                                                  :        1 samples, Peak.  31.3 ms (1.0x), Avg.  31.3 ms, Total. 31.31 ms (0.0%)
[Performance] Application.InitialRefresh                                                                                                                   :        1 samples, Peak.  93.5 s (1.0x), Avg.  93.5 s, Total. 93.52 s (56.5%)
[Performance] ShaderImporter.SourceAssetModified                                                                                                           :        3 samples, Peak.  1.40 us (1.3x), Avg.  1.07 us, Total. 3.200 us (0.0%)
[Performance] ShaderIncludeImporter.SourceAssetModified                                                                                                    :        3 samples, Peak.  2.20 us (1.5x), Avg.  1.43 us, Total. 4.300 us (0.0%)
[Performance] Compiling Scripts                                                                                                                            :        1 samples, Peak.  21.5 s (1.0x), Avg.  21.5 s, Total. 21.51 s (13.0%)
[Performance] Package.AsyncRequest                                                                                                                         :       29 samples, Peak.  3.09 ms (9.8x), Avg.   314 us, Total. 9.108 ms (0.0%)
[Performance] AssemblyReloadEvents.beforeAssemblyReload: UnityEditor.SceneTemplate.SceneTemplateService.BeforeAssemblyReload                               :        1 samples, Peak.   570 us (1.0x), Avg.   570 us, Total. 570.5 us (0.0%)
[Performance] PresetManagerPostProcessor.OnPreprocessAsset                                                                                                 :       21 samples, Peak.  2.34 ms (17.4x), Avg.   135 us, Total. 2.828 ms (0.0%)
[Performance] CancelSplashScreenOnAssetChange.OnPreprocessAsset                                                                                            :       21 samples, Peak.   329 us (17.0x), Avg.  19.4 us, Total. 407.7 us (0.0%)
[Performance] InitializeOnLoad InputSystem                                                                                                                 :        1 samples, Peak.  75.0 ms (1.0x), Avg.  75.0 ms, Total. 75.00 ms (0.0%)
[Performance] InitializeOnLoad TouchSimulation                                                                                                             :        1 samples, Peak.   184 us (1.0x), Avg.   184 us, Total. 183.7 us (0.0%)
[Performance] InitializeOnLoad CoreStatsIntegration                                                                                                        :        1 samples, Peak.   377 us (1.0x), Avg.   377 us, Total. 376.5 us (0.0%)
[Performance] InitializeOnLoad SectorInteraction                                                                                                           :        1 samples, Peak.   388 us (1.0x), Avg.   388 us, Total. 387.7 us (0.0%)
[Performance] InitializeOnLoad ButtonFallbackComposite                                                                                                     :        1 samples, Peak.   257 us (1.0x), Avg.   257 us, Total. 257.1 us (0.0%)
[Performance] InitializeOnLoad SimulatedInputLayoutLoader                                                                                                  :        1 samples, Peak.   270 us (1.0x), Avg.   270 us, Total. 270.4 us (0.0%)
[Performance] InitializeOnLoad QuaternionFallbackComposite                                                                                                 :        1 samples, Peak.   136 us (1.0x), Avg.   136 us, Total. 135.7 us (0.0%)
[Performance] InitializeOnLoad IntegerFallbackComposite                                                                                                    :        1 samples, Peak.   110 us (1.0x), Avg.   110 us, Total. 110.0 us (0.0%)
[Performance] InitializeOnLoad Vector3FallbackComposite                                                                                                    :        1 samples, Peak.   117 us (1.0x), Avg.   117 us, Total. 117.1 us (0.0%)
[Performance] InitializeOnLoad ScriptableSettingsInitializer                                                                                               :        1 samples, Peak.   296 us (1.0x), Avg.   296 us, Total. 296.0 us (0.0%)
[Performance] InitializeOnLoad BuildValidator                                                                                                              :        1 samples, Peak.   791 us (1.0x), Avg.   791 us, Total. 790.9 us (0.0%)
[Performance] InitializeOnLoad InteractionLayerUpdater                                                                                                     :        1 samples, Peak.  7.00 us (1.0x), Avg.  7.00 us, Total. 7.000 us (0.0%)
[Performance] InitializeOnLoad RegisterCheckResourcesDupeDependencies                                                                                      :        1 samples, Peak.  1.46 ms (1.0x), Avg.  1.46 ms, Total. 1.461 ms (0.0%)
[Performance] InitializeOnLoad RegisterCheckBundleDupeDependencies                                                                                         :        1 samples, Peak.   169 us (1.0x), Avg.   169 us, Total. 168.5 us (0.0%)
[Performance] InitializeOnLoad AddressableEditorInitialization                                                                                             :        1 samples, Peak.  6.62 ms (1.0x), Avg.  6.62 ms, Total. 6.615 ms (0.0%)
[Performance] InitializeOnLoad GroupsPopupWindow                                                                                                           :        1 samples, Peak.  12.8 us (1.0x), Avg.  12.8 us, Total. 12.80 us (0.0%)
[Performance] InitializeOnLoad GlobalInitialization                                                                                                        :        1 samples, Peak.   879 us (1.0x), Avg.   879 us, Total. 878.6 us (0.0%)
[Performance] InitializeOnLoad RegisterCheckSceneDupeDependencies                                                                                          :        1 samples, Peak.   192 us (1.0x), Avg.   192 us, Total. 191.8 us (0.0%)
[Performance] InitializeOnLoad RegisterBuildBundleLayout                                                                                                   :        1 samples, Peak.   102 us (1.0x), Avg.   102 us, Total. 102.3 us (0.0%)
[Performance] InitializeOnLoad AddressableAssetInspectorGUI                                                                                                :        1 samples, Peak.  7.98 ms (1.0x), Avg.  7.98 ms, Total. 7.976 ms (0.0%)
[Performance] EditorResources.Load                                                                                                                         :        6 samples, Peak.  4.15 ms (5.1x), Avg.   808 us, Total. 4.846 ms (0.0%)
[Performance] InitializeOnLoad PrefColorBridge                                                                                                             :        1 samples, Peak.  1.66 ms (1.0x), Avg.  1.66 ms, Total. 1.657 ms (0.0%)
[Performance] InitializeOnLoad StringTableAnalyzeRule                                                                                                      :        1 samples, Peak.   493 us (1.0x), Avg.   493 us, Total. 493.1 us (0.0%)
[Performance] InitializeOnLoad LocalizeComponent_TMPro                                                                                                     :        1 samples, Peak.  2.94 ms (1.0x), Avg.  2.94 ms, Total. 2.939 ms (0.0%)
[Performance] InitializeOnLoad GameViewLanguageMenu                                                                                                        :        1 samples, Peak.   799 us (1.0x), Avg.   799 us, Total. 799.2 us (0.0%)
[Performance] InitializeOnLoad DrivenPropertyDrawer                                                                                                        :        1 samples, Peak.   317 us (1.0x), Avg.   317 us, Total. 316.7 us (0.0%)
[Performance] InitializeOnLoad LocalizeComponent                                                                                                           :        1 samples, Peak.   120 us (1.0x), Avg.   120 us, Total. 119.9 us (0.0%)
[Performance] InitializeOnLoad LocalizeComponent_UGUI                                                                                                      :        1 samples, Peak.   359 us (1.0x), Avg.   359 us, Total. 359.3 us (0.0%)
[Performance] InitializeOnLoad LocaleAnalyzeRule                                                                                                           :        1 samples, Peak.   164 us (1.0x), Avg.   164 us, Total. 164.4 us (0.0%)
[Performance] InitializeOnLoad ScenePropertyTracker                                                                                                        :        1 samples, Peak.   170 us (1.0x), Avg.   170 us, Total. 169.6 us (0.0%)
[Performance] InitializeOnLoad AssetTableAnalyzeRule                                                                                                       :        1 samples, Peak.   191 us (1.0x), Avg.   191 us, Total. 190.7 us (0.0%)
[Performance] InitializeOnLoad ContextualPropertyMenu                                                                                                      :        1 samples, Peak.   205 us (1.0x), Avg.   205 us, Total. 205.4 us (0.0%)
[Performance] InitializeOnLoad UnityTestProtocolStarter                                                                                                    :        1 samples, Peak.   392 us (1.0x), Avg.   392 us, Total. 392.4 us (0.0%)
[Performance] InitializeOnLoad BackgroundWatcher                                                                                                           :        1 samples, Peak.  79.2 us (1.0x), Avg.  79.2 us, Total. 79.20 us (0.0%)
[Performance] InitializeOnLoad RiderScriptEditor                                                                                                           :        1 samples, Peak.  12.9 ms (1.0x), Avg.  12.9 ms, Total. 12.93 ms (0.0%)
[Performance] InitializeOnLoad CallbackInitializer                                                                                                         :        1 samples, Peak.  3.32 ms (1.0x), Avg.  3.32 ms, Total. 3.322 ms (0.0%)
[Performance] InitializeOnLoad SpriteEditorWindow                                                                                                          :        1 samples, Peak.   546 us (1.0x), Avg.   546 us, Total. 546.3 us (0.0%)
[Performance] InitializeOnLoad XRGeneralSettingsPerBuildTarget                                                                                             :        1 samples, Peak.   641 us (1.0x), Avg.   641 us, Total. 640.5 us (0.0%)
[Performance] InitializeOnLoad XRPackageMetadataStore                                                                                                      :        1 samples, Peak.   649 us (1.0x), Avg.   649 us, Total. 649.0 us (0.0%)
[Performance] InitializeOnLoad XRPackageInitializationBootstrap                                                                                            :        1 samples, Peak.  73.7 us (1.0x), Avg.  73.7 us, Total. 73.70 us (0.0%)
[Performance] InitializeOnLoad UnityPurchasingEditor                                                                                                       :        1 samples, Peak.  1.13 ms (1.0x), Avg.  1.13 ms, Total. 1.134 ms (0.0%)
[Performance] InitializeOnLoad PurchasingServiceAnalyticsSender                                                                                            :        1 samples, Peak.  1.05 ms (1.0x), Avg.  1.05 ms, Total. 1.048 ms (0.0%)
[Performance] InitializeOnLoad PurchasingImporter                                                                                                          :        1 samples, Peak.   227 us (1.0x), Avg.   227 us, Total. 226.7 us (0.0%)
[Performance] InitializeOnLoad PlasticPlugin                                                                                                               :        1 samples, Peak.  97.7 ms (1.0x), Avg.  97.7 ms, Total. 97.66 ms (0.1%)
[Performance] InitializeOnLoad ToolbarBootstrap                                                                                                            :        1 samples, Peak.   611 ms (1.0x), Avg.   611 ms, Total. 611.2 ms (0.4%)
[Performance] InitializeOnLoad VisualStudioEditor                                                                                                          :        1 samples, Peak.  19.7 ms (1.0x), Avg.  19.7 ms, Total. 19.66 ms (0.0%)
[Performance] InitializeOnLoad TestRunnerApiListener                                                                                                       :        1 samples, Peak.  6.43 ms (1.0x), Avg.  6.43 ms, Total. 6.429 ms (0.0%)
[Performance] InitializeOnLoad VisualStudioIntegration                                                                                                     :        1 samples, Peak.  2.79 ms (1.0x), Avg.  2.79 ms, Total. 2.793 ms (0.0%)
[Performance] InitializeOnLoad PrefabLayoutRebuilder                                                                                                       :        1 samples, Peak.   411 us (1.0x), Avg.   411 us, Total. 411.2 us (0.0%)
[Performance] InitializeOnLoad AnalyticsImporter                                                                                                           :        1 samples, Peak.  1.54 ms (1.0x), Avg.  1.54 ms, Total. 1.543 ms (0.0%)
[Performance] InitializeOnLoad AnalyticsEventTrackerEditorCallbacks                                                                                        :        1 samples, Peak.   617 us (1.0x), Avg.   617 us, Total. 617.4 us (0.0%)
[Performance] InitializeOnLoad NavigationWindow                                                                                                            :        1 samples, Peak.   907 us (1.0x), Avg.   907 us, Total. 907.0 us (0.0%)
[Performance] InitializeOnLoad Addressables.RegisterPlayModeStateChange                                                                                    :        1 samples, Peak.   132 us (1.0x), Avg.   132 us, Total. 131.8 us (0.0%)
[Performance] InitializeOnLoad AssetReference.RegisterForPlaymodeChange                                                                                    :        1 samples, Peak.   246 us (1.0x), Avg.   246 us, Total. 245.6 us (0.0%)
[Performance] InitializeOnLoad SceneViewGridManager.Initialize                                                                                             :        1 samples, Peak.  12.4 ms (1.0x), Avg.  12.4 ms, Total. 12.41 ms (0.0%)
[Performance] InitializeOnLoad TilemapPrefabStageHelper.Initialize                                                                                         :        1 samples, Peak.  3.75 ms (1.0x), Avg.  3.75 ms, Total. 3.752 ms (0.0%)
[Performance] InitializeOnLoad SceneViewOpenTilePaletteHelper.Initialize                                                                                   :        1 samples, Peak.  2.14 ms (1.0x), Avg.  2.14 ms, Total. 2.137 ms (0.0%)
[Performance] InitializeOnLoad TileDragAndDropManager.Initialize                                                                                           :        1 samples, Peak.  2.69 ms (1.0x), Avg.  2.69 ms, Total. 2.685 ms (0.0%)
[Performance] InitializeOnLoad AddressableAssetSettings.RegisterWithAssetPostProcessor                                                                     :        1 samples, Peak.   936 us (1.0x), Avg.   936 us, Total. 936.3 us (0.0%)
[Performance] InitializeOnLoad AddressableAssetSettings.CheckCCDStatus                                                                                     :        1 samples, Peak.   305 us (1.0x), Avg.   305 us, Total. 304.9 us (0.0%)
[Performance] InitializeOnLoad ProfileDataSourceSettings.InitializeCloudEnvironment                                                                        :        1 samples, Peak.   917 us (1.0x), Avg.   917 us, Total. 917.4 us (0.0%)
[Performance] InitializeOnLoad AddressablesBuildScriptHooks.Init                                                                                           :        1 samples, Peak.   193 us (1.0x), Avg.   193 us, Total. 192.9 us (0.0%)
[Performance] InitializeOnLoad AddressablesPlayerBuildProcessor.CleanTemporaryPlayerBuildData                                                              :        1 samples, Peak.  1.26 ms (1.0x), Avg.  1.26 ms, Total. 1.260 ms (0.0%)
[Performance] InitializeOnLoad VisualStudioEditor.LegacyVisualStudioCodePackageDisabler                                                                    :        1 samples, Peak.  5.90 ms (1.0x), Avg.  5.90 ms, Total. 5.904 ms (0.0%)
[Performance] InitializeOnLoad EditorGameServiceRegistry.RegisterAllServices                                                                               :        1 samples, Peak.  16.1 ms (1.0x), Avg.  16.1 ms, Total. 16.07 ms (0.0%)
[Performance] InitializeOnLoad ServiceInstallationListener.RegisterToEvents                                                                                :        1 samples, Peak.  1.54 ms (1.0x), Avg.  1.54 ms, Total. 1.543 ms (0.0%)
[Performance] InitializeOnLoad ActionSchedulerCleaner.RegisterSchedulerCleaner                                                                             :        1 samples, Peak.   195 us (1.0x), Avg.   195 us, Total. 194.7 us (0.0%)
[Performance] InitializeOnLoad ObfuscationMigration.MigrateObfuscations                                                                                    :        1 samples, Peak.   494 us (1.0x), Avg.   494 us, Total. 493.7 us (0.0%)
[Performance] InitializeOnLoad UnityPurchasingEditor.CheckUdpUmpPackageInstalled                                                                           :        1 samples, Peak.  1.59 ms (1.0x), Avg.  1.59 ms, Total. 1.586 ms (0.0%)
[Performance] InitializeOnLoad UnityPurchasingEditor.MigrateBillingMode                                                                                    :        1 samples, Peak.  1.12 ms (1.0x), Avg.  1.12 ms, Total. 1.117 ms (0.0%)
[Performance] InitializeOnLoad ProductCatalogEditor.MigrateProductCatalog                                                                                  :        1 samples, Peak.   126 ms (1.0x), Avg.   126 ms, Total. 126.4 ms (0.1%)
[Performance] InitializeOnLoad CoreUtilsAnalytics.RegisterEvents                                                                                           :        1 samples, Peak.   602 us (1.0x), Avg.   602 us, Total. 601.6 us (0.0%)
[Performance] InitializeOnLoad XRPluginManagementProjectValidation.RegisterProjectValidationRules                                                          :        1 samples, Peak.  5.01 ms (1.0x), Avg.  5.01 ms, Total. 5.005 ms (0.0%)
[Performance] InitializeOnLoad EngineStateHelper.Init                                                                                                      :        1 samples, Peak.   209 us (1.0x), Avg.   209 us, Total. 208.7 us (0.0%)
[Performance] InitializeOnLoad ThreadHelper.Init                                                                                                           :        1 samples, Peak.   535 us (1.0x), Avg.   535 us, Total. 534.9 us (0.0%)
[Performance] InitializeOnLoad AnalyticsReporter.RegisterCallbacks                                                                                         :        1 samples, Peak.   974 us (1.0x), Avg.   974 us, Total. 974.3 us (0.0%)
[Performance] InitializeOnLoad TestJobDataHolder.ResumeRunningJobs                                                                                         :        1 samples, Peak.  1.97 ms (1.0x), Avg.  1.97 ms, Total. 1.969 ms (0.0%)
[Performance] InitializeOnLoad TestStarter.Initialize                                                                                                      :        1 samples, Peak.  2.93 ms (1.0x), Avg.  2.93 ms, Total. 2.933 ms (0.0%)
[Performance] InitializeOnLoad UnityThreadUtils.CaptureUnityThreadInfo                                                                                     :        1 samples, Peak.   573 us (1.0x), Avg.   573 us, Total. 572.7 us (0.0%)
[Performance] DidReloadScriptsAdvancedDropdownWindow.OnScriptReload                                                                                        :        2 samples, Peak.   307 us (1.1x), Avg.   285 us, Total. 569.9 us (0.0%)
[Performance] DidReloadScriptsPackageVersionUtility.OnReloadScripts                                                                                        :        1 samples, Peak.   196 us (1.0x), Avg.   196 us, Total. 195.8 us (0.0%)
[Performance] DidReloadScriptsTestListCache.ScriptReloaded                                                                                                 :        1 samples, Peak.  2.82 ms (1.0x), Avg.  2.82 ms, Total. 2.817 ms (0.0%)
[Performance] DidReloadScriptsTestRunnerWindow.CompilationCallback                                                                                         :        1 samples, Peak.  1.22 ms (1.0x), Avg.  1.22 ms, Total. 1.220 ms (0.0%)
[Performance] AssemblyReloadEvents.afterAssemblyReload: UnityEditor.XR.Management.Metadata.XRPackageMetadataStore.AssemblyReloadEvents_afterAssemblyReload :        1 samples, Peak.  3.98 ms (1.0x), Avg.  3.98 ms, Total. 3.978 ms (0.0%)
[Performance] AssetDatabase.ImportAssets                                                                                                                   :        6 samples, Peak.   101 ms (6.0x), Avg.  16.9 ms, Total. 101.5 ms (0.1%)
[Performance] VersionControl.Task.Wait                                                                                                                     :        1 samples, Peak.   353 us (1.0x), Avg.   353 us, Total. 353.3 us (0.0%)
[Performance] EditorAssetPostProcessor.OnPostprocessAllAssets                                                                                              :        4 samples, Peak.  1.07 ms (2.1x), Avg.   507 us, Total. 2.029 ms (0.0%)
[Performance] TMPro_TexturePostProcessor.OnPostprocessAllAssets                                                                                            :        4 samples, Peak.  1.02 ms (2.0x), Avg.   511 us, Total. 2.042 ms (0.0%)
[Performance] AssetPostprocessor.OnPostprocessAllAssets                                                                                                    :        4 samples, Peak.   698 us (2.0x), Avg.   348 us, Total. 1.393 ms (0.0%)
[Performance] BuilderAssetPostprocessor.OnPostprocessAllAssets                                                                                             :        4 samples, Peak.  4.13 ms (2.0x), Avg.  2.11 ms, Total. 8.443 ms (0.0%)
[Performance] AddressablesAssetPostProcessor.OnPostprocessAllAssets                                                                                        :        4 samples, Peak.  2.68 ms (2.0x), Avg.  1.34 ms, Total. 5.358 ms (0.0%)
[Performance] ArtifactBrowserPostProcessor.OnPostprocessAllAssets                                                                                          :        4 samples, Peak.  1.13 ms (2.0x), Avg.   565 us, Total. 2.258 ms (0.0%)
[Performance] AssetEvents.OnPostprocessAllAssets                                                                                                           :        8 samples, Peak.   484 us (3.0x), Avg.   163 us, Total. 1.301 ms (0.0%)
[Performance] AudioMixerPostprocessor.OnPostprocessAllAssets                                                                                               :        4 samples, Peak.   864 us (2.0x), Avg.   430 us, Total. 1.721 ms (0.0%)
[Performance] StyleCatalogPostProcessor.OnPostprocessAllAssets                                                                                             :        4 samples, Peak.  48.2 ms (2.0x), Avg.  24.1 ms, Total. 96.42 ms (0.1%)
[Performance] BuildCatalog                                                                                                                                 :        1 samples, Peak.  46.4 ms (1.0x), Avg.  46.4 ms, Total. 46.44 ms (0.0%)
[Performance] ModelImporterPostProcessor.OnPostprocessAllAssets                                                                                            :        4 samples, Peak.  2.18 ms (2.0x), Avg.  1.10 ms, Total. 4.388 ms (0.0%)
[Performance] RetainedModeAssetPostprocessor.OnPostprocessAllAssets                                                                                        :        4 samples, Peak.  3.64 ms (2.0x), Avg.  1.83 ms, Total. 7.302 ms (0.0%)
[Performance] AssetChangedListener.OnPostprocessAllAssets                                                                                                  :        4 samples, Peak.  3.57 ms (1.8x), Avg.  1.95 ms, Total. 7.798 ms (0.0%)
[Performance] SpeedTreePostProcessor.OnPostprocessAllAssets                                                                                                :        4 samples, Peak.   790 us (1.9x), Avg.   409 us, Total. 1.637 ms (0.0%)
[Performance] TextAssetPostProcessor.OnPostprocessAllAssets                                                                                                :        4 samples, Peak.   805 us (2.0x), Avg.   410 us, Total. 1.641 ms (0.0%)
[Performance] AssetProcessor.OnPostprocessAllAssets                                                                                                        :       12 samples, Peak.  2.15 ms (3.4x), Avg.   632 us, Total. 7.583 ms (0.0%)
[Performance] SpriteEditorTexturePostprocessor.OnPostprocessAllAssets                                                                                      :        4 samples, Peak.   537 us (1.9x), Avg.   286 us, Total. 1.142 ms (0.0%)
[Performance] AssetCallbacks.OnPostprocessAllAssets                                                                                                        :        4 samples, Peak.   141 ms (2.0x), Avg.  70.4 ms, Total. 281.7 ms (0.2%)
[Performance] AssetPathToTypes.OnPostprocessAllAssets                                                                                                      :        4 samples, Peak.   627 us (2.0x), Avg.   313 us, Total. 1.253 ms (0.0%)
[Performance] LocalizationAssetPostProcessor.OnPostprocessAllAssets                                                                                        :        4 samples, Peak.  4.02 ms (2.0x), Avg.  2.03 ms, Total. 8.104 ms (0.0%)
[Performance] SyncVS.PostprocessSyncProject                                                                                                                :        2 samples, Peak.   672 ms (2.0x), Avg.   336 ms, Total. 672.7 ms (0.4%)
[Performance] EditorApplication.projectChanged: UnityEditor.Audio.MixerEffectDefinitionReloader.OnProjectChanged                                           :        1 samples, Peak.   753 us (1.0x), Avg.   753 us, Total. 752.5 us (0.0%)
[Performance] EditorApplication.projectChanged: UnityEngine.InputSystem.LowLevel.NativeInputRuntime.OnProjectChanged                                       :        1 samples, Peak.   297 us (1.0x), Avg.   297 us, Total. 296.9 us (0.0%)
[Performance] Application.ImportPackagesAndSetTemplateWhenCreatingProject                                                                                  :        1 samples, Peak.  63.6 ms (1.0x), Avg.  63.6 ms, Total. 63.56 ms (0.0%)
[Performance] Application.SyncCurrentColorSpace                                                                                                            :        1 samples, Peak.  1.18 s (1.0x), Avg.  1.18 s, Total. 1.178 s (0.7%)
[Performance] Application.OnUsbDevicesChanged                                                                                                              :        1 samples, Peak.  12.2 ms (1.0x), Avg.  12.2 ms, Total. 12.24 ms (0.0%)
[Performance] Application.AssetInstanceCacheUpdate                                                                                                         :        1 samples, Peak.   400 ns (1.0x), Avg.   400 ns, Total. 400.0 ns (0.0%)
[Performance] Application.UnityExtensions.Initialize                                                                                                       :        1 samples, Peak.  7.26 ms (1.0x), Avg.  7.26 ms, Total. 7.258 ms (0.0%)
[Performance] CodeEditorProjectSync.SyncEditorProject                                                                                                      :        1 samples, Peak.  3.20 s (1.0x), Avg.  3.20 s, Total. 3.198 s (1.9%)
[Performance] Application.ExecuteStartups                                                                                                                  :        1 samples, Peak.   105 ms (1.0x), Avg.   105 ms, Total. 104.6 ms (0.1%)
[Performance] Menu.RegisterMenuInterface                                                                                                                   :       26 samples, Peak.  2.70 us (7.5x), Avg.   358 ns, Total. 9.300 us (0.0%)
[Performance] Gizmo.RebuildRenderers                                                                                                                       :        2 samples, Peak.   101 ms (1.6x), Avg.  64.8 ms, Total. 129.6 ms (0.1%)
[Performance] Gizmo.AddGizmoRenderers                                                                                                                      :      272 samples, Peak.  3.13 ms (103.8x), Avg.  30.2 us, Total. 8.208 ms (0.0%)
[Performance] Application.editorInitializingProject                                                                                                        :        1 samples, Peak.   431 ms (1.0x), Avg.   431 ms, Total. 431.2 ms (0.3%)
[Performance] Application.InitializeMenu                                                                                                                   :        1 samples, Peak.  4.17 s (1.0x), Avg.  4.17 s, Total. 4.172 s (2.5%)
[Performance] Menu.RebuildAll                                                                                                                              :        1 samples, Peak.  4.17 s (1.0x), Avg.  4.17 s, Total. 4.172 s (2.5%)
[Performance] Menu.BuildRegisteredMenuInterfaces                                                                                                           :        1 samples, Peak.  4.16 s (1.0x), Avg.  4.16 s, Total. 4.164 s (2.5%)
[Performance] Menu.FilterMenuItem                                                                                                                          :      831 samples, Peak.  18.2 ms (804.8x), Avg.  22.6 us, Total. 18.81 ms (0.0%)
[Performance] UpdateAllMenus                                                                                                                               :        1 samples, Peak.  1.15 ms (1.0x), Avg.  1.15 ms, Total. 1.145 ms (0.0%)
[Performance] Menu.RebuildOSMainMenu                                                                                                                       :        3 samples, Peak.  6.52 ms (1.4x), Avg.  4.68 ms, Total. 14.04 ms (0.0%)
[Performance] EditorSceneManager.sceneClosing: UnityEditor.SceneVisibilityManager.EditorSceneManagerOnSceneClosing                                         :        2 samples, Peak.   347 us (2.0x), Avg.   178 us, Total. 355.4 us (0.0%)
[Performance] GUIView.RepaintAll.PlayerLoopController                                                                                                      :        2 samples, Peak.  3.30 us (1.0x), Avg.  3.25 us, Total. 6.500 us (0.0%)
[Performance] EditorSceneManager.newSceneCreated: UnityEditor.SceneTemplate.SceneTemplateService.OnNewSceneCreated                                         :        1 samples, Peak.   260 us (1.0x), Avg.   260 us, Total. 260.2 us (0.0%)
[Performance] EditorSceneManager.newSceneCreated: UnityEditor.SceneVisibilityManager.EditorSceneManagerOnNewSceneCreated                                   :        1 samples, Peak.   479 us (1.0x), Avg.   479 us, Total. 478.9 us (0.0%)
[Performance] EditorSceneManager.newSceneCreated: UnityEditor.SceneManagement.StageNavigationManager.OnNewSceneCreated                                     :        1 samples, Peak.  99.9 us (1.0x), Avg.  99.9 us, Total. 99.90 us (0.0%)
[Performance] Application.InvokeFinishedLoadingProject                                                                                                     :        1 samples, Peak.  31.0 ms (1.0x), Avg.  31.0 ms, Total. 30.96 ms (0.0%)
[Performance] ProcessService.OnProjectLoaded                                                                                                               :        1 samples, Peak.  76.9 us (1.0x), Avg.  76.9 us, Total. 76.90 us (0.0%)
[Performance] Inspector.InitOrRebuild                                                                                                                      :        2 samples, Peak.   514 us (1.2x), Avg.   413 us, Total. 825.5 us (0.0%)
[Performance] PaletteAssetModificationProcessor.OnWillSaveAssets                                                                                           :        2 samples, Peak.   284 us (1.9x), Avg.   152 us, Total. 304.9 us (0.0%)
[Performance] AssetModificationProcessor.OnWillSaveAssets                                                                                                  :        2 samples, Peak.   366 us (2.0x), Avg.   184 us, Total. 368.7 us (0.0%)
[Performance] BuilderAssetModificationProcessor.OnWillSaveAssets                                                                                           :        2 samples, Peak.   405 us (2.0x), Avg.   204 us, Total. 408.7 us (0.0%)
[Performance] TerrainModificationProcessor.OnWillSaveAssets                                                                                                :        2 samples, Peak.  1.33 ms (2.0x), Avg.   669 us, Total. 1.338 ms (0.0%)
[Performance] GenerateAssemblyTypeInfos                                                                                                                    :        2 samples, Peak.  60.1 ms (1.1x), Avg.  53.0 ms, Total. 106.0 ms (0.1%)
[Performance] AssetDatabase.Refresh                                                                                                                        :        1 samples, Peak.  10.9 ms (1.0x), Avg.  10.9 ms, Total. 10.87 ms (0.0%)
[Performance] EditorApplication.quitting: UnityEditor.Tilemaps.SceneViewGridManager.EditorQuitting                                                         :        1 samples, Peak.   596 us (1.0x), Avg.   596 us, Total. 595.6 us (0.0%)
[Performance] EditorApplication.quitting: callback in UnityEditor.TextCore.Text.EditorEventCallbacks                                                       :        1 samples, Peak.  84.9 ms (1.0x), Avg.  84.9 ms, Total. 84.94 ms (0.1%)
[Performance] Killing ADB server                                                                                                                           :        1 samples, Peak.   118 ms (1.0x), Avg.   118 ms, Total. 117.6 ms (0.1%)
[Performance] Application.Shutdown.PauseProfilerSession                                                                                                    :        1 samples, Peak.  45.9 us (1.0x), Avg.  45.9 us, Total. 45.90 us (0.0%)
[Performance] Application.Shutdown.PauseAssetImportWorkers                                                                                                 :        1 samples, Peak.   297 us (1.0x), Avg.   297 us, Total. 296.5 us (0.0%)
[Performance] Application.Shutdown.SaveAssets                                                                                                              :        1 samples, Peak.  10.4 ms (1.0x), Avg.  10.4 ms, Total. 10.44 ms (0.0%)
[Performance] Application.Shutdown.CleanupRenderPipeline                                                                                                   :        1 samples, Peak.  9.30 us (1.0x), Avg.  9.30 us, Total. 9.300 us (0.0%)
[Performance] Application.Shutdown.StopPreloadManager                                                                                                      :        1 samples, Peak.  9.87 ms (1.0x), Avg.  9.87 ms, Total. 9.866 ms (0.0%)
[Performance] Application.Shutdown.DestroyWorld                                                                                                            :        1 samples, Peak.   688 us (1.0x), Avg.   688 us, Total. 688.3 us (0.0%)
[Performance] Application.Shutdown.CleanupAfterLoad                                                                                                        :        1 samples, Peak.  20.1 ms (1.0x), Avg.  20.1 ms, Total. 20.11 ms (0.0%)
[Performance] Application.Shutdown.Progress                                                                                                                :        1 samples, Peak.   606 us (1.0x), Avg.   606 us, Total. 606.0 us (0.0%)
[Performance] Application.Shutdown.GICleanupManagers                                                                                                       :        1 samples, Peak.  4.43 ms (1.0x), Avg.  4.43 ms, Total. 4.430 ms (0.0%)
[Performance] Application.Shutdown.MenuCleanupClass                                                                                                        :        1 samples, Peak.   421 us (1.0x), Avg.   421 us, Total. 421.1 us (0.0%)
[Performance] Application.Shutdown.ADBSaveStateBeforeShutdown                                                                                              :        1 samples, Peak.  23.0 us (1.0x), Avg.  23.0 us, Total. 23.00 us (0.0%)
[Performance] Application.Shutdown.RemoteShutdown                                                                                                          :        1 samples, Peak.  1.10 us (1.0x), Avg.  1.10 us, Total. 1.100 us (0.0%)
[Performance] Application.Shutdown.CleanupVCProvider                                                                                                       :        1 samples, Peak.   161 us (1.0x), Avg.   161 us, Total. 161.0 us (0.0%)
[Performance] Application.Shutdown.InputShutdown                                                                                                           :        1 samples, Peak.   600 ns (1.0x), Avg.   600 ns, Total. 600.0 ns (0.0%)
[Performance] Application.Shutdown.GizmoManagerDestroy                                                                                                     :        1 samples, Peak.   757 us (1.0x), Avg.   757 us, Total. 756.8 us (0.0%)
[Performance] Application.Shutdown.ProfilerSession                                                                                                         :        1 samples, Peak.   657 us (1.0x), Avg.   657 us, Total. 657.2 us (0.0%)
[Performance] Application.Shutdown.ReleaseGfxWindowOnAllGUIViews                                                                                           :        1 samples, Peak.   500 ns (1.0x), Avg.   500 ns, Total. 500.0 ns (0.0%)
[Performance] Application.Shutdown.CleanupEngine                                                                                                           :        1 samples, Peak.   113 ms (1.0x), Avg.   113 ms, Total. 112.6 ms (0.1%)
[Performance] Application.Shutdown.CleanupAssetDatabase                                                                                                    :        1 samples, Peak.  23.0 ms (1.0x), Avg.  23.0 ms, Total. 22.98 ms (0.0%)
[Performance] Application.Shutdown.ScriptCompilationCleanUp                                                                                                :        1 samples, Peak.  27.5 ms (1.0x), Avg.  27.5 ms, Total. 27.50 ms (0.0%)
[Performance] Application.Shutdown.DestroyJobSystem                                                                                                        :        1 samples, Peak.   210 us (1.0x), Avg.   210 us, Total. 209.9 us (0.0%)
[Performance] Application.Shutdown.CleanupPersistentManager                                                                                                :        1 samples, Peak.  1.49 ms (1.0x), Avg.  1.49 ms, Total. 1.489 ms (0.0%)
[Performance] Application.Shutdown.CleanupAsyncReadManager                                                                                                 :        1 samples, Peak.   960 us (1.0x), Avg.   960 us, Total. 960.3 us (0.0%)
[Performance] Application.Shutdown.CleanupProgressBar                                                                                                      :        1 samples, Peak.   700 ns (1.0x), Avg.   700 ns, Total. 700.0 ns (0.0%)
[Performance] Application.Shutdown.CleanupMono                                                                                                             :        1 samples, Peak.   152 ms (1.0x), Avg.   152 ms, Total. 151.8 ms (0.1%)
[Performance] Application.Shutdown.CleanupStdConverters                                                                                                    :        1 samples, Peak.  11.7 us (1.0x), Avg.  11.7 us, Total. 11.70 us (0.0%)
[Performance] Application.Shutdown.UnloadAllPlatformSupportModuleNativeDlls                                                                                :        1 samples, Peak.  1000 ns (1.0x), Avg.  1000 ns, Total. 1000.0 ns (0.0%)
[Performance] Application.Shutdown.UnloadAllPlatformSupportNativeLibraries                                                                                 :        1 samples, Peak. 0.0 (-nan(ind)x), Avg. 0.0, Total. 0.0 (0.0%)
[Performance] Application.Shutdown.CleanupAutoDocumentation                                                                                                :        1 samples, Peak.   687 us (1.0x), Avg.   687 us, Total. 686.6 us (0.0%)
[Performance] Application.Shutdown.ShaderNameManagerDestroy                                                                                                :        1 samples, Peak.  76.2 us (1.0x), Avg.  76.2 us, Total. 76.20 us (0.0%)
[Performance] Application.Shutdown.CleanupCacheServer                                                                                                      :        1 samples, Peak.   300 ns (1.0x), Avg.   300 ns, Total. 300.0 ns (0.0%)
[Performance] Application.Shutdown.Virtualization_Shutdown                                                                                                 :        1 samples, Peak.   700 ns (1.0x), Avg.   700 ns, Total. 700.0 ns (0.0%)
[Performance] Application.Shutdown.DevConnections                                                                                                          :        1 samples, Peak.   204 us (1.0x), Avg.   204 us, Total. 204.0 us (0.0%)
Exiting batchmode successfully now!
Exiting without the bug reporter. Application will terminate with return code 0